Hurricane,threads,1E-1,1E-2,1E-3,1E-4,1E-5,1E-6,1E-7,1E-8
CLOUDf48.bin,1,82.84,39.752,23.803,14.659,11.232999999999999,9.0903,7.2456,6.377300000000001
CLOUDf48.bin,2,82.84,39.752,23.803,14.659,11.232999999999999,9.0903,7.2456,6.377300000000001
CLOUDf48.bin,3,82.839,39.751,23.803,14.659,11.232999999999999,9.0903,7.2456,6.377300000000001
CLOUDf48.bin,4,82.839,39.751,23.803,14.659,11.232999999999999,9.0903,7.2455,6.377300000000001
CLOUDf48.bin,5,82.839,39.751,23.803,14.659,11.232999999999999,9.0903,7.2455,6.377300000000001
CLOUDf48.bin,6,82.839,39.751,23.803,14.659,11.232999999999999,9.0903,7.2455,6.377300000000001
CLOUDf48.bin,7,82.838,39.751,23.803,14.659,11.232999999999999,9.0903,7.2455,6.377300000000001
CLOUDf48.bin,8,82.838,39.751,23.803,14.659,11.232999999999999,9.0903,7.2455,6.377300000000001
CLOUDf48.bin,9,82.838,39.751,23.803,14.659,11.232999999999999,9.0903,7.2455,6.377300000000001
CLOUDf48.bin,10,82.838,39.751,23.803,14.659,11.232999999999999,9.0903,7.2455,6.377300000000001
CLOUDf48.bin,11,82.837,39.751,23.803,14.659,11.232999999999999,9.0903,7.2455,6.377300000000001
CLOUDf48.bin,12,82.837,39.751,23.803,14.659,11.232999999999999,9.0903,7.2455,6.377300000000001
CLOUDf48.bin,13,82.837,39.751,23.803,14.659,11.232999999999999,9.0903,7.2455,6.377300000000001
CLOUDf48.bin,14,82.837,39.751,23.803,14.659,11.232999999999999,9.0903,7.2455,6.377300000000001
CLOUDf48.bin,15,82.837,39.751,23.803,14.659,11.232999999999999,9.0903,7.2455,6.377300000000001
CLOUDf48.bin,16,82.837,39.751,23.803,14.659,11.232999999999999,9.0903,7.2455,6.377300000000001
CLOUDf48.bin,17,82.836,39.751,23.803,14.658,11.232999999999999,9.0903,7.2455,6.377300000000001
CLOUDf48.bin,18,82.836,39.751,23.803,14.659,11.232999999999999,9.0903,7.2455,6.377300000000001
CLOUDf48.bin,19,82.836,39.751,23.803,14.658,11.232999999999999,9.0902,7.2455,6.377300000000001
CLOUDf48.bin,20,82.836,39.751,23.803,14.658,11.232999999999999,9.0902,7.2455,6.377300000000001
CLOUDf48.bin,21,82.836,39.751,23.803,14.658,11.232999999999999,9.0902,7.2455,6.377300000000001
CLOUDf48.bin,22,82.835,39.751,23.803,14.658,11.232999999999999,9.0902,7.2455,6.377300000000001
CLOUDf48.bin,23,82.835,39.751,23.803,14.658,11.232999999999999,9.0902,7.2455,6.377300000000001
CLOUDf48.bin,24,82.835,39.751,23.803,14.658,11.232999999999999,9.0902,7.2455,6.377300000000001
CLOUDf48.bin,32,82.834,39.75,23.803,14.658,11.232999999999999,9.0902,7.2455,6.377300000000001
CLOUDf48.bin,64,82.828,39.749,23.802000000000003,14.658,11.232999999999999,9.0902,7.2455,6.377199999999999
CLOUDf48.bin,128,82.816,39.746,23.801,14.658,11.232999999999999,9.09,7.2454,6.377199999999999
CLOUDf48.bin,256,82.794,39.741,23.8,14.657000000000002,11.232,9.0898,7.2452,6.377
CLOUDf48.bin,512,82.75,39.731,23.796000000000003,14.656,11.232,9.0893,7.2449,6.3768
CLOUDf48.bin,1024,82.663,39.711,23.789,14.653,11.229999999999999,9.0883,7.2443,6.3763
CLOUDf48.log10.bin,1,20.654,12.886000000000001,9.9457,8.0796,6.4578,5.6125,4.9629,4.9225
CLOUDf48.log10.bin,2,20.654,12.886000000000001,9.9457,8.0796,6.4578,5.6125,4.9629,4.9225
CLOUDf48.log10.bin,3,20.654,12.886000000000001,9.9457,8.0796,6.4578,5.6125,4.9629,4.9225
CLOUDf48.log10.bin,4,20.654,12.886000000000001,9.9457,8.0796,6.4578,5.6125,4.9629,4.9225
CLOUDf48.log10.bin,5,20.654,12.886000000000001,9.9457,8.0796,6.4578,5.6125,4.9629,4.9225
CLOUDf48.log10.bin,6,20.654,12.886000000000001,9.9457,8.0796,6.4578,5.6125,4.9629,4.9225
CLOUDf48.log10.bin,7,20.654,12.886000000000001,9.9457,8.0796,6.4578,5.6125,4.9629,4.9225
CLOUDf48.log10.bin,8,20.654,12.886000000000001,9.9457,8.0796,6.4578,5.6125,4.9629,4.9225
CLOUDf48.log10.bin,9,20.654,12.886000000000001,9.9457,8.0796,6.4578,5.6125,4.9629,4.9225
CLOUDf48.log10.bin,10,20.654,12.886000000000001,9.9457,8.0796,6.4578,5.6125,4.9629,4.9225
CLOUDf48.log10.bin,11,20.654,12.886000000000001,9.9457,8.0796,6.4578,5.6125,4.9629,4.9225
CLOUDf48.log10.bin,12,20.654,12.886000000000001,9.9457,8.0796,6.4578,5.6125,4.9629,4.9225
CLOUDf48.log10.bin,13,20.654,12.886000000000001,9.9457,8.0796,6.4578,5.6125,4.9629,4.9225
CLOUDf48.log10.bin,14,20.654,12.886000000000001,9.9457,8.0796,6.4578,5.6125,4.9629,4.9225
CLOUDf48.log10.bin,15,20.654,12.886000000000001,9.9457,8.0796,6.4578,5.6125,4.9629,4.9225
CLOUDf48.log10.bin,16,20.654,12.886000000000001,9.9457,8.0796,6.4578,5.6125,4.9629,4.9225
CLOUDf48.log10.bin,17,20.653,12.886000000000001,9.9457,8.0796,6.4578,5.6125,4.9629,4.9225
CLOUDf48.log10.bin,18,20.653,12.886000000000001,9.9457,8.0796,6.4578,5.6125,4.9629,4.9225
CLOUDf48.log10.bin,19,20.653,12.886000000000001,9.9456,8.0796,6.4578,5.6125,4.9629,4.9225
CLOUDf48.log10.bin,20,20.653,12.886000000000001,9.9456,8.0796,6.4578,5.6125,4.9629,4.9225
CLOUDf48.log10.bin,21,20.653,12.886000000000001,9.9456,8.0796,6.4578,5.6125,4.9629,4.9225
CLOUDf48.log10.bin,22,20.653,12.886000000000001,9.9456,8.0796,6.4578,5.6125,4.9629,4.9225
CLOUDf48.log10.bin,23,20.653,12.886000000000001,9.9456,8.0796,6.4578,5.6125,4.9629,4.9225
CLOUDf48.log10.bin,24,20.653,12.886000000000001,9.9456,8.0796,6.4578,5.6125,4.9629,4.9225
CLOUDf48.log10.bin,32,20.653,12.886000000000001,9.9456,8.0796,6.4578,5.6125,4.9628,4.9225
CLOUDf48.log10.bin,64,20.653,12.885,9.9455,8.0795,6.4577,5.6124,4.9628,4.9224
CLOUDf48.log10.bin,128,20.652,12.885,9.9453,8.0794,6.4576,5.6124,4.9628,4.9224
CLOUDf48.log10.bin,256,20.65,12.884,9.9448,8.0791,6.4574,5.612199999999999,4.9627,4.9223
CLOUDf48.log10.bin,512,20.646,12.883000000000001,9.9439,8.0785,6.4571,5.611900000000001,4.9624,4.9221
CLOUDf48.log10.bin,1024,20.638,12.88,9.9422,8.0773,6.4563,5.6114,4.962,4.9216
PRECIPf48.bin,1,237.08,86.36200000000001,33.894,19.78,12.711999999999998,8.3324,5.028,3.6665000000000005
PRECIPf48.bin,2,237.08,86.361,33.894,19.78,12.711999999999998,8.3324,5.028,3.6665000000000005
PRECIPf48.bin,3,237.07000000000002,86.361,33.894,19.78,12.711999999999998,8.3324,5.028,3.6665000000000005
PRECIPf48.bin,4,237.07000000000002,86.361,33.894,19.78,12.711999999999998,8.3324,5.028,3.6665000000000005
PRECIPf48.bin,5,237.07000000000002,86.361,33.894,19.78,12.711999999999998,8.3324,5.028,3.6665000000000005
PRECIPf48.bin,6,237.07000000000002,86.361,33.894,19.78,12.711999999999998,8.3324,5.028,3.6665000000000005
PRECIPf48.bin,7,237.07000000000002,86.361,33.894,19.78,12.711999999999998,8.3324,5.028,3.6665000000000005
PRECIPf48.bin,8,237.07000000000002,86.36,33.894,19.78,12.711999999999998,8.3324,5.028,3.6665000000000005
PRECIPf48.bin,9,237.07000000000002,86.36,33.894,19.78,12.711999999999998,8.3324,5.028,3.6665000000000005
PRECIPf48.bin,10,237.07000000000002,86.36,33.894,19.78,12.711999999999998,8.3324,5.028,3.6665000000000005
PRECIPf48.bin,11,237.07000000000002,86.359,33.894,19.78,12.711999999999998,8.3324,5.028,3.6665000000000005
PRECIPf48.bin,12,237.06000000000003,86.359,33.894,19.78,12.711999999999998,8.3324,5.028,3.6665000000000005
PRECIPf48.bin,13,237.06000000000003,86.359,33.894,19.78,12.711999999999998,8.3324,5.028,3.6665000000000005
PRECIPf48.bin,14,237.06000000000003,86.359,33.893,19.78,12.711999999999998,8.3324,5.028,3.6665000000000005
PRECIPf48.bin,15,237.06000000000003,86.359,33.894,19.78,12.711999999999998,8.3324,5.028,3.6665000000000005
PRECIPf48.bin,16,237.06000000000003,86.359,33.893,19.78,12.711999999999998,8.3324,5.028,3.6665000000000005
PRECIPf48.bin,17,237.06000000000003,86.358,33.893,19.78,12.711999999999998,8.3324,5.028,3.6665000000000005
PRECIPf48.bin,18,237.06000000000003,86.358,33.893,19.78,12.711999999999998,8.3324,5.028,3.6665000000000005
PRECIPf48.bin,19,237.06000000000003,86.358,33.893,19.78,12.711999999999998,8.3324,5.028,3.6665000000000005
PRECIPf48.bin,20,237.05000000000004,86.358,33.893,19.78,12.711999999999998,8.3324,5.028,3.6665000000000005
PRECIPf48.bin,21,237.05000000000004,86.358,33.893,19.78,12.711999999999998,8.3324,5.028,3.6665000000000005
PRECIPf48.bin,22,237.05000000000004,86.358,33.893,19.78,12.711999999999998,8.3324,5.028,3.6665000000000005
PRECIPf48.bin,23,237.05000000000004,86.358,33.893,19.78,12.711999999999998,8.3324,5.028,3.6665000000000005
PRECIPf48.bin,24,237.05000000000004,86.35700000000001,33.893,19.78,12.711999999999998,8.3324,5.028,3.6665000000000005
PRECIPf48.bin,32,237.04,86.355,33.893,19.78,12.711999999999998,8.3324,5.028,3.6665000000000005
PRECIPf48.bin,64,236.99,86.349,33.892,19.779,12.711999999999998,8.3323,5.028,3.6665000000000005
PRECIPf48.bin,128,236.9,86.337,33.89,19.779,12.711,8.3321,5.0279,3.6665000000000005
PRECIPf48.bin,256,236.75,86.315,33.886,19.777,12.711,8.3319,5.0278,3.6664
PRECIPf48.bin,512,236.43999999999997,86.27,33.879,19.774,12.708999999999998,8.3313,5.0276,3.6663
PRECIPf48.bin,1024,235.83,86.183,33.865,19.768,12.707,8.3301,5.0272,3.6661
PRECIPf48.log10.bin,1,17.454,8.6994,5.2328,3.2331,2.4855,2.0163,1.615,1.5302
PRECIPf48.log10.bin,2,17.454,8.6994,5.2328,3.2331,2.4855,2.0163,1.615,1.5302
PRECIPf48.log10.bin,3,17.454,8.6994,5.2328,3.2331,2.4855,2.0163,1.615,1.5302
PRECIPf48.log10.bin,4,17.454,8.6994,5.2328,3.2331,2.4855,2.0163,1.615,1.5302
PRECIPf48.log10.bin,5,17.454,8.6994,5.2328,3.2331,2.4855,2.0163,1.615,1.5302
PRECIPf48.log10.bin,6,17.454,8.6994,5.2328,3.2331,2.4855,2.0163,1.615,1.5302
PRECIPf48.log10.bin,7,17.454,8.6994,5.2328,3.2331,2.4855,2.0163,1.615,1.5302
PRECIPf48.log10.bin,8,17.454,8.6994,5.2328,3.2331,2.4855,2.0163,1.615,1.5302
PRECIPf48.log10.bin,9,17.454,8.6994,5.2328,3.2331,2.4855,2.0163,1.615,1.5302
PRECIPf48.log10.bin,10,17.454,8.6994,5.2328,3.2331,2.4855,2.0163,1.615,1.5302
PRECIPf48.log10.bin,11,17.454,8.6994,5.2328,3.2331,2.4855,2.0163,1.615,1.5302
PRECIPf48.log10.bin,12,17.454,8.6994,5.2328,3.2331,2.4855,2.0163,1.615,1.5302
PRECIPf48.log10.bin,13,17.454,8.6994,5.2328,3.2331,2.4855,2.0163,1.615,1.5302
PRECIPf48.log10.bin,14,17.454,8.6994,5.2328,3.2331,2.4855,2.0163,1.615,1.5302
PRECIPf48.log10.bin,15,17.454,8.6994,5.2328,3.2331,2.4855,2.0163,1.615,1.5302
PRECIPf48.log10.bin,16,17.454,8.6994,5.2328,3.2331,2.4855,2.0163,1.615,1.5302
PRECIPf48.log10.bin,17,17.454,8.6994,5.2328,3.2331,2.4855,2.0163,1.615,1.5302
PRECIPf48.log10.bin,18,17.454,8.6994,5.2327,3.2331,2.4855,2.0163,1.615,1.5302
PRECIPf48.log10.bin,19,17.454,8.6994,5.2327,3.2331,2.4855,2.0163,1.615,1.5302
PRECIPf48.log10.bin,20,17.454,8.6994,5.2327,3.2331,2.4855,2.0163,1.615,1.5302
PRECIPf48.log10.bin,21,17.454,8.6994,5.2327,3.2331,2.4855,2.0163,1.615,1.5302
PRECIPf48.log10.bin,22,17.454,8.6994,5.2327,3.2331,2.4855,2.0163,1.615,1.5302
PRECIPf48.log10.bin,23,17.454,8.6994,5.2327,3.2331,2.4855,2.0163,1.615,1.5302
PRECIPf48.log10.bin,24,17.454,8.6993,5.2327,3.2331,2.4855,2.0163,1.615,1.5302
PRECIPf48.log10.bin,32,17.454,8.6993,5.2327,3.2331,2.4855,2.0163,1.615,1.5302
PRECIPf48.log10.bin,64,17.453,8.6992,5.2327,3.2331,2.4855,2.0163,1.615,1.5302
PRECIPf48.log10.bin,128,17.453,8.6991,5.2326,3.2331,2.4855,2.0163,1.6148999999999998,1.5301
PRECIPf48.log10.bin,256,17.451,8.6987,5.2325,3.233,2.4855,2.0163,1.6148999999999998,1.5301
PRECIPf48.log10.bin,512,17.449,8.6981,5.2323,3.2328999999999994,2.4854,2.0163,1.6148999999999998,1.5301
PRECIPf48.log10.bin,1024,17.443,8.6967,5.2318,3.2327999999999997,2.4853,2.0162,1.6148999999999998,1.5301
Pf48.bin,1,70.942,28.208,9.3679,5.4309,3.6778,2.5294,2.0466,1.7318
Pf48.bin,2,70.942,28.208,9.3679,5.4309,3.6778,2.5294,2.0466,1.7318
Pf48.bin,3,70.942,28.208,9.3679,5.4309,3.6778,2.5294,2.0466,1.7318
Pf48.bin,4,70.942,28.207000000000004,9.3679,5.4309,3.6778,2.5294,2.0466,1.7318
Pf48.bin,5,70.942,28.207000000000004,9.3679,5.4309,3.6778,2.5294,2.0466,1.7318
Pf48.bin,6,70.941,28.207000000000004,9.3679,5.4309,3.6778,2.5294,2.0466,1.7318
Pf48.bin,7,70.941,28.207000000000004,9.3678,5.4309,3.6778,2.5294,2.0466,1.7318
Pf48.bin,8,70.941,28.207000000000004,9.3678,5.4309,3.6778,2.5294,2.0466,1.7318
Pf48.bin,9,70.941,28.207000000000004,9.3678,5.4309,3.6778,2.5294,2.0466,1.7318
Pf48.bin,10,70.941,28.207000000000004,9.3678,5.4309,3.6778,2.5294,2.0466,1.7318
Pf48.bin,11,70.941,28.207000000000004,9.3678,5.4309,3.6778,2.5294,2.0466,1.7318
Pf48.bin,12,70.941,28.207000000000004,9.3678,5.4309,3.6778,2.5294,2.0466,1.7318
Pf48.bin,13,70.94,28.207000000000004,9.3678,5.4309,3.6778,2.5294,2.0466,1.7318
Pf48.bin,14,70.94,28.207000000000004,9.3678,5.4309,3.6778,2.5294,2.0466,1.7318
Pf48.bin,15,70.94,28.207000000000004,9.3678,5.4309,3.6778,2.5294,2.0466,1.7318
Pf48.bin,16,70.94,28.207000000000004,9.3678,5.4309,3.6778,2.5294,2.0466,1.7318
Pf48.bin,17,70.939,28.207000000000004,9.3678,5.4309,3.6778,2.5294,2.0466,1.7318
Pf48.bin,18,70.939,28.207000000000004,9.3678,5.4309,3.6778,2.5294,2.0466,1.7318
Pf48.bin,19,70.939,28.207000000000004,9.3678,5.4309,3.6778,2.5294,2.0466,1.7318
Pf48.bin,20,70.939,28.207000000000004,9.3678,5.4309,3.6778,2.5294,2.0466,1.7318
Pf48.bin,21,70.939,28.207000000000004,9.3678,5.4309,3.6778,2.5294,2.0466,1.7318
Pf48.bin,22,70.938,28.207000000000004,9.3678,5.4309,3.6778,2.5294,2.0466,1.7318
Pf48.bin,23,70.938,28.207000000000004,9.3678,5.4309,3.6778,2.5294,2.0466,1.7318
Pf48.bin,24,70.938,28.207000000000004,9.3678,5.4309,3.6778,2.5294,2.0466,1.7318
Pf48.bin,32,70.937,28.207000000000004,9.3678,5.4309,3.6778,2.5294,2.0466,1.7318
Pf48.bin,64,70.931,28.206,9.3677,5.4308000000000005,3.6778,2.5294,2.0466,1.7318
Pf48.bin,128,70.92,28.203999999999997,9.3675,5.4308000000000005,3.6778,2.5294,2.0465,1.7318
Pf48.bin,256,70.897,28.201000000000004,9.3671,5.430600000000001,3.6777,2.5293,2.0465,1.7318
Pf48.bin,512,70.853,28.193,9.3663,5.4304,3.6776,2.5293,2.0465,1.7318
Pf48.bin,1024,70.763,28.179,9.3647,5.4298,3.6773000000000002,2.5292,2.0464,1.7317
QCLOUDf48.bin,1,104.61,56.054,36.974,24.945000000000004,19.961,16.617,13.473,11.991
QCLOUDf48.bin,2,104.61,56.054,36.974,24.945000000000004,19.961,16.617,13.473,11.991
QCLOUDf48.bin,3,104.61,56.054,36.974,24.945000000000004,19.961,16.617,13.473,11.991
QCLOUDf48.bin,4,104.61,56.054,36.974,24.945000000000004,19.961,16.617,13.473,11.991
QCLOUDf48.bin,5,104.61,56.054,36.974,24.945000000000004,19.961,16.617,13.473,11.991
QCLOUDf48.bin,6,104.61,56.054,36.974,24.945000000000004,19.961,16.617,13.473,11.991
QCLOUDf48.bin,7,104.61,56.054,36.974,24.945000000000004,19.961,16.617,13.473,11.991
QCLOUDf48.bin,8,104.61,56.054,36.974,24.945000000000004,19.961,16.617,13.473,11.991
QCLOUDf48.bin,9,104.61,56.054,36.974,24.945000000000004,19.961,16.617,13.473,11.991
QCLOUDf48.bin,10,104.61,56.054,36.974,24.945000000000004,19.961,16.617,13.473,11.991
QCLOUDf48.bin,11,104.61,56.054,36.974,24.945000000000004,19.961,16.617,13.473,11.991
QCLOUDf48.bin,12,104.61,56.054,36.974,24.945000000000004,19.961,16.617,13.473,11.991
QCLOUDf48.bin,13,104.61,56.054,36.974,24.945000000000004,19.961,16.617,13.473,11.991
QCLOUDf48.bin,14,104.61,56.053,36.974,24.945000000000004,19.961,16.617,13.473,11.991
QCLOUDf48.bin,15,104.61,56.053,36.974,24.945000000000004,19.961,16.617,13.473,11.991
QCLOUDf48.bin,16,104.61,56.053,36.974,24.945000000000004,19.961,16.617,13.473,11.991
QCLOUDf48.bin,17,104.61,56.053,36.974,24.945000000000004,19.961,16.617,13.473,11.991
QCLOUDf48.bin,18,104.61,56.053,36.974,24.945000000000004,19.961,16.617,13.473,11.991
QCLOUDf48.bin,19,104.61,56.053,36.974,24.945000000000004,19.961,16.617,13.473,11.991
QCLOUDf48.bin,20,104.61,56.053,36.974,24.945000000000004,19.961,16.617,13.473,11.991
QCLOUDf48.bin,21,104.61,56.053,36.974,24.945000000000004,19.961,16.617,13.473,11.991
QCLOUDf48.bin,22,104.61,56.053,36.974,24.945000000000004,19.961,16.617,13.473,11.991
QCLOUDf48.bin,23,104.61,56.053,36.974,24.945000000000004,19.96,16.617,13.473,11.991
QCLOUDf48.bin,24,104.59999999999998,56.053,36.974,24.945000000000004,19.96,16.617,13.473,11.991
QCLOUDf48.bin,32,104.59999999999998,56.053,36.974,24.945000000000004,19.96,16.617,13.473,11.991
QCLOUDf48.bin,64,104.59999999999998,56.05100000000001,36.973,24.945000000000004,19.96,16.617,13.472,11.991
QCLOUDf48.bin,128,104.58999999999999,56.048,36.972,24.944,19.96,16.617,13.472,11.991
QCLOUDf48.bin,256,104.57,56.043,36.97,24.943,19.959,16.616,13.472,11.99
QCLOUDf48.bin,512,104.53000000000002,56.032000000000004,36.965,24.941,19.958,16.615,13.470999999999998,11.99
QCLOUDf48.bin,1024,104.46,56.012,36.956,24.937,19.955,16.613,13.47,11.988999999999999
QCLOUDf48.log10.bin,1,23.600000000000005,17.47,13.815,10.794000000000002,9.2728,8.1271,7.2159,7.1778
QCLOUDf48.log10.bin,2,23.600000000000005,17.47,13.815,10.794000000000002,9.2728,8.1271,7.2159,7.1778
QCLOUDf48.log10.bin,3,23.600000000000005,17.47,13.815,10.794000000000002,9.2728,8.1271,7.2159,7.1778
QCLOUDf48.log10.bin,4,23.600000000000005,17.47,13.815,10.794000000000002,9.2728,8.1271,7.2159,7.1778
QCLOUDf48.log10.bin,5,23.600000000000005,17.47,13.815,10.794000000000002,9.2728,8.1271,7.2159,7.1778
QCLOUDf48.log10.bin,6,23.600000000000005,17.47,13.815,10.794000000000002,9.2728,8.1271,7.2159,7.1778
QCLOUDf48.log10.bin,7,23.600000000000005,17.47,13.815,10.794000000000002,9.2728,8.1271,7.2159,7.1778
QCLOUDf48.log10.bin,8,23.600000000000005,17.47,13.815,10.794000000000002,9.2728,8.1271,7.2159,7.1778
QCLOUDf48.log10.bin,9,23.600000000000005,17.47,13.815,10.794000000000002,9.2728,8.1271,7.2159,7.1778
QCLOUDf48.log10.bin,10,23.600000000000005,17.47,13.815,10.794000000000002,9.2728,8.1271,7.2159,7.1778
QCLOUDf48.log10.bin,11,23.600000000000005,17.47,13.815,10.794000000000002,9.2728,8.1271,7.2159,7.1778
QCLOUDf48.log10.bin,12,23.600000000000005,17.47,13.815,10.794000000000002,9.2728,8.1271,7.2159,7.1778
QCLOUDf48.log10.bin,13,23.600000000000005,17.47,13.815,10.794000000000002,9.2728,8.127,7.2159,7.1778
QCLOUDf48.log10.bin,14,23.600000000000005,17.47,13.815,10.794000000000002,9.2728,8.127,7.2159,7.1778
QCLOUDf48.log10.bin,15,23.600000000000005,17.47,13.815,10.794000000000002,9.2728,8.127,7.2159,7.1778
QCLOUDf48.log10.bin,16,23.600000000000005,17.47,13.815,10.794000000000002,9.2728,8.127,7.2159,7.1778
QCLOUDf48.log10.bin,17,23.600000000000005,17.47,13.815,10.794000000000002,9.2728,8.127,7.2159,7.1778
QCLOUDf48.log10.bin,18,23.600000000000005,17.47,13.815,10.794000000000002,9.2728,8.127,7.2159,7.177699999999999
QCLOUDf48.log10.bin,19,23.599,17.47,13.815,10.794000000000002,9.2728,8.127,7.2159,7.177699999999999
QCLOUDf48.log10.bin,20,23.599,17.47,13.815,10.794000000000002,9.2728,8.127,7.2159,7.177699999999999
QCLOUDf48.log10.bin,21,23.599,17.469,13.815,10.794000000000002,9.2728,8.127,7.2159,7.177699999999999
QCLOUDf48.log10.bin,22,23.599,17.469,13.815,10.794000000000002,9.2728,8.127,7.2159,7.177699999999999
QCLOUDf48.log10.bin,23,23.599,17.469,13.815,10.794000000000002,9.2728,8.127,7.2159,7.177699999999999
QCLOUDf48.log10.bin,24,23.599,17.469,13.815,10.794000000000002,9.2728,8.127,7.2159,7.177699999999999
QCLOUDf48.log10.bin,32,23.599,17.469,13.815,10.794000000000002,9.2727,8.127,7.215799999999999,7.177699999999999
QCLOUDf48.log10.bin,64,23.599,17.469,13.814,10.794000000000002,9.2726,8.1269,7.215799999999999,7.177699999999999
QCLOUDf48.log10.bin,128,23.596999999999998,17.468,13.814,10.794000000000002,9.2724,8.1268,7.215700000000001,7.177600000000001
QCLOUDf48.log10.bin,256,23.595,17.467,13.813,10.793,9.2721,8.1265,7.2154,7.1773
QCLOUDf48.log10.bin,512,23.59,17.464,13.811,10.792,9.2713,8.1259,7.215,7.1769
QCLOUDf48.log10.bin,1024,23.58,17.459,13.808,10.79,9.2698,8.1247,7.214000000000001,7.175900000000001
QGRAUPf48.bin,1,613.92,236.49,89.89,51.91400000000001,32.549,16.976,10.261,6.5887
QGRAUPf48.bin,2,613.89,236.49,89.889,51.91400000000001,32.549,16.976,10.261,6.5887
QGRAUPf48.bin,3,613.89,236.49,89.889,51.91299999999999,32.548,16.976,10.261,6.5887
QGRAUPf48.bin,4,613.89,236.49,89.889,51.91299999999999,32.548,16.976,10.261,6.5887
QGRAUPf48.bin,5,613.86,236.48,89.889,51.91299999999999,32.548,16.976,10.261,6.5887
QGRAUPf48.bin,6,613.86,236.48,89.889,51.91299999999999,32.548,16.976,10.261,6.5887
QGRAUPf48.bin,7,613.86,236.48,89.889,51.91299999999999,32.548,16.976,10.261,6.5887
QGRAUPf48.bin,8,613.83,236.48,89.889,51.91299999999999,32.548,16.976,10.261,6.5887
QGRAUPf48.bin,9,613.86,236.48,89.88799999999999,51.91299999999999,32.548,16.976,10.261,6.5887
QGRAUPf48.bin,10,613.83,236.48,89.88799999999999,51.91299999999999,32.548,16.976,10.261,6.5887
QGRAUPf48.bin,11,613.83,236.48,89.88799999999999,51.91299999999999,32.548,16.976,10.261,6.5887
QGRAUPf48.bin,12,613.83,236.48,89.88799999999999,51.912,32.548,16.976,10.261,6.5887
QGRAUPf48.bin,13,613.83,236.48,89.88799999999999,51.912,32.548,16.976,10.261,6.5887
QGRAUPf48.bin,14,613.83,236.48,89.887,51.912,32.548,16.976,10.261,6.5887
QGRAUPf48.bin,15,613.8,236.47,89.887,51.912,32.548,16.976,10.261,6.5887
QGRAUPf48.bin,16,613.8,236.47,89.887,51.912,32.548,16.976,10.261,6.5887
QGRAUPf48.bin,17,613.8,236.47,89.887,51.912,32.548,16.976,10.261,6.5887
QGRAUPf48.bin,18,613.8,236.47,89.887,51.912,32.548,16.976,10.261,6.5887
QGRAUPf48.bin,19,613.8,236.47,89.887,51.912,32.548,16.976,10.261,6.5887
QGRAUPf48.bin,20,613.77,236.47,89.887,51.912,32.548,16.976,10.261,6.5887
QGRAUPf48.bin,21,613.77,236.46,89.88600000000001,51.912,32.548,16.976,10.261,6.5887
QGRAUPf48.bin,22,613.77,236.46,89.88600000000001,51.912,32.548,16.976,10.261,6.5887
QGRAUPf48.bin,23,613.74,236.46,89.887,51.912,32.548,16.976,10.261,6.5887
QGRAUPf48.bin,24,613.74,236.46,89.88600000000001,51.912,32.548,16.976,10.261,6.5887
QGRAUPf48.bin,32,613.68,236.46,89.885,51.911,32.548,16.976,10.261,6.5887
QGRAUPf48.bin,64,613.5,236.42999999999998,89.88,51.909,32.546,16.976,10.261,6.5886
QGRAUPf48.bin,128,613.14,236.38,89.872,51.905,32.544,16.975,10.261,6.5885
QGRAUPf48.bin,256,612.56,236.29,89.85700000000001,51.897,32.54,16.974,10.26,6.5883
QGRAUPf48.bin,512,611.46,236.11,89.829,51.882,32.532,16.972,10.259,6.588
QGRAUPf48.bin,1024,609.4,235.76,89.774,51.852,32.517,16.967,10.258,6.5873
QGRAUPf48.log10.bin,1,12.277,7.1035,4.5889,2.9663,2.3237,1.9084,1.5586,1.503
QGRAUPf48.log10.bin,2,12.277,7.1035,4.5889,2.9663,2.3237,1.9084,1.5586,1.503
QGRAUPf48.log10.bin,3,12.277,7.1035,4.5889,2.9663,2.3237,1.9084,1.5586,1.503
QGRAUPf48.log10.bin,4,12.277,7.1035,4.5889,2.9663,2.3237,1.9084,1.5586,1.503
QGRAUPf48.log10.bin,5,12.277,7.1035,4.5889,2.9663,2.3237,1.9084,1.5586,1.503
QGRAUPf48.log10.bin,6,12.277,7.1035,4.5889,2.9663,2.3237,1.9084,1.5586,1.503
QGRAUPf48.log10.bin,7,12.277,7.1035,4.5889,2.9663,2.3237,1.9084,1.5586,1.503
QGRAUPf48.log10.bin,8,12.277,7.1035,4.5889,2.9663,2.3237,1.9084,1.5586,1.503
QGRAUPf48.log10.bin,9,12.277,7.1035,4.5889,2.9663,2.3237,1.9084,1.5586,1.503
QGRAUPf48.log10.bin,10,12.277,7.1035,4.5889,2.9663,2.3237,1.9084,1.5586,1.503
QGRAUPf48.log10.bin,11,12.277,7.1035,4.5889,2.9663,2.3237,1.9084,1.5586,1.503
QGRAUPf48.log10.bin,12,12.277,7.1035,4.5889,2.9663,2.3237,1.9084,1.5586,1.503
QGRAUPf48.log10.bin,13,12.277,7.1035,4.5889,2.9663,2.3237,1.9084,1.5586,1.503
QGRAUPf48.log10.bin,14,12.277,7.1035,4.5889,2.9663,2.3237,1.9084,1.5586,1.503
QGRAUPf48.log10.bin,15,12.277,7.1035,4.5889,2.9663,2.3237,1.9084,1.5586,1.503
QGRAUPf48.log10.bin,16,12.277,7.1035,4.5889,2.9663,2.3237,1.9084,1.5586,1.503
QGRAUPf48.log10.bin,17,12.277,7.1035,4.5889,2.9663,2.3237,1.9084,1.5586,1.503
QGRAUPf48.log10.bin,18,12.277,7.1035,4.5889,2.9663,2.3237,1.9084,1.5586,1.503
QGRAUPf48.log10.bin,19,12.277,7.1035,4.5889,2.9663,2.3237,1.9084,1.5586,1.503
QGRAUPf48.log10.bin,20,12.277,7.1035,4.5889,2.9663,2.3237,1.9084,1.5586,1.503
QGRAUPf48.log10.bin,21,12.277,7.1035,4.5889,2.9663,2.3237,1.9084,1.5586,1.503
QGRAUPf48.log10.bin,22,12.277,7.1035,4.5889,2.9663,2.3237,1.9084,1.5586,1.503
QGRAUPf48.log10.bin,23,12.277,7.1035,4.5889,2.9663,2.3237,1.9084,1.5586,1.503
QGRAUPf48.log10.bin,24,12.277,7.1035,4.5889,2.9663,2.3237,1.9084,1.5586,1.503
QGRAUPf48.log10.bin,32,12.277,7.1035,4.5889,2.9663,2.3237,1.9084,1.5586,1.503
QGRAUPf48.log10.bin,64,12.276000000000002,7.1034,4.5888,2.9663,2.3237,1.9084,1.5586,1.503
QGRAUPf48.log10.bin,128,12.276000000000002,7.1033,4.5888,2.9663,2.3237,1.9084,1.5586,1.503
QGRAUPf48.log10.bin,256,12.275,7.1031,4.5887,2.9663,2.3236,1.9084,1.5586,1.503
QGRAUPf48.log10.bin,512,12.274,7.1026,4.5885,2.9662,2.3236,1.9082999999999999,1.5586,1.5028999999999997
QGRAUPf48.log10.bin,1024,12.271,7.1017,4.5881,2.9659999999999997,2.3235,1.9082999999999999,1.5586,1.5028999999999997
QICEf48.bin,1,209.19999999999996,83.129,37.168,24.792,18.377,13.615,11.389000000000001,9.8217
QICEf48.bin,2,209.19999999999996,83.128,37.168,24.792,18.377,13.615,11.389000000000001,9.8217
QICEf48.bin,3,209.19999999999996,83.128,37.168,24.792,18.377,13.615,11.389000000000001,9.8217
QICEf48.bin,4,209.19999999999996,83.128,37.168,24.792,18.377,13.615,11.389000000000001,9.8217
QICEf48.bin,5,209.19999999999996,83.128,37.168,24.792,18.377,13.615,11.389000000000001,9.8217
QICEf48.bin,6,209.18999999999997,83.128,37.167,24.792,18.377,13.615,11.389000000000001,9.8217
QICEf48.bin,7,209.18999999999997,83.128,37.167,24.792,18.377,13.615,11.389000000000001,9.8217
QICEf48.bin,8,209.18999999999997,83.127,37.167,24.792,18.377,13.615,11.389000000000001,9.8217
QICEf48.bin,9,209.18999999999997,83.128,37.167,24.792,18.377,13.615,11.389000000000001,9.8217
QICEf48.bin,10,209.18999999999997,83.128,37.167,24.792,18.377,13.615,11.389000000000001,9.8217
QICEf48.bin,11,209.18999999999997,83.127,37.167,24.792,18.377,13.615,11.389000000000001,9.8217
QICEf48.bin,12,209.18999999999997,83.127,37.167,24.792,18.377,13.615,11.389000000000001,9.8216
QICEf48.bin,13,209.18999999999997,83.127,37.167,24.792,18.377,13.615,11.389000000000001,9.8216
QICEf48.bin,14,209.18999999999997,83.127,37.167,24.792,18.377,13.615,11.389000000000001,9.8216
QICEf48.bin,15,209.18999999999997,83.127,37.167,24.792,18.377,13.615,11.389000000000001,9.8216
QICEf48.bin,16,209.18999999999997,83.127,37.167,24.792,18.377,13.615,11.389000000000001,9.8216
QICEf48.bin,17,209.18999999999997,83.127,37.167,24.792,18.377,13.615,11.389000000000001,9.8216
QICEf48.bin,18,209.18999999999997,83.127,37.167,24.792,18.377,13.615,11.389000000000001,9.8216
QICEf48.bin,19,209.17999999999998,83.126,37.167,24.792,18.377,13.615,11.389000000000001,9.8216
QICEf48.bin,20,209.17999999999998,83.126,37.167,24.792,18.377,13.615,11.389000000000001,9.8216
QICEf48.bin,21,209.17999999999998,83.126,37.167,24.792,18.377,13.615,11.389000000000001,9.8216
QICEf48.bin,22,209.17999999999998,83.126,37.167,24.791,18.377,13.615,11.389000000000001,9.8216
QICEf48.bin,23,209.17999999999998,83.126,37.167,24.791,18.377,13.615,11.389000000000001,9.8216
QICEf48.bin,24,209.17999999999998,83.125,37.167,24.791,18.376,13.615,11.389000000000001,9.8216
QICEf48.bin,32,209.17,83.124,37.167,24.791,18.376,13.615,11.389000000000001,9.8216
QICEf48.bin,64,209.15,83.12,37.166,24.791,18.376,13.615,11.389000000000001,9.8216
QICEf48.bin,128,209.09,83.112,37.164,24.790000000000003,18.376,13.613999999999999,11.389000000000001,9.8215
QICEf48.bin,256,208.99,83.095,37.161,24.789,18.375,13.613999999999999,11.388,9.8212
QICEf48.bin,512,208.78,83.061,37.155,24.786,18.374,13.613,11.388,9.8208
QICEf48.bin,1024,208.39,82.996,37.141,24.78,18.37,13.610999999999999,11.387,9.8199
QICEf48.log10.bin,1,24.385,17.586,13.571,10.346,8.7713,7.611999999999999,6.6647,6.6098
QICEf48.log10.bin,2,24.385,17.586,13.571,10.346,8.7713,7.611999999999999,6.6647,6.6098
QICEf48.log10.bin,3,24.385,17.586,13.571,10.346,8.7713,7.611999999999999,6.6647,6.6098
QICEf48.log10.bin,4,24.385,17.586,13.571,10.346,8.7713,7.611999999999999,6.6647,6.6098
QICEf48.log10.bin,5,24.385,17.586,13.571,10.346,8.7713,7.611999999999999,6.6647,6.6098
QICEf48.log10.bin,6,24.385,17.586,13.571,10.346,8.7713,7.611999999999999,6.6647,6.6098
QICEf48.log10.bin,7,24.385,17.586,13.571,10.346,8.7713,7.611999999999999,6.6647,6.6098
QICEf48.log10.bin,8,24.385,17.586,13.571,10.346,8.7713,7.611999999999999,6.6647,6.6098
QICEf48.log10.bin,9,24.384,17.586,13.571,10.346,8.7713,7.611999999999999,6.6647,6.6098
QICEf48.log10.bin,10,24.384,17.586,13.571,10.346,8.7713,7.611999999999999,6.6647,6.6098
QICEf48.log10.bin,11,24.384,17.586,13.571,10.346,8.7713,7.611999999999999,6.6647,6.6098
QICEf48.log10.bin,12,24.384,17.586,13.571,10.346,8.7713,7.611999999999999,6.6647,6.6098
QICEf48.log10.bin,13,24.384,17.586,13.571,10.346,8.7713,7.611999999999999,6.6647,6.6097
QICEf48.log10.bin,14,24.384,17.586,13.571,10.346,8.7713,7.611999999999999,6.6647,6.6097
QICEf48.log10.bin,15,24.384,17.586,13.571,10.346,8.7713,7.611999999999999,6.6647,6.6097
QICEf48.log10.bin,16,24.384,17.586,13.571,10.346,8.7713,7.611999999999999,6.6647,6.6097
QICEf48.log10.bin,17,24.384,17.586,13.571,10.346,8.7713,7.611999999999999,6.6647,6.6097
QICEf48.log10.bin,18,24.384,17.586,13.571,10.346,8.7713,7.611999999999999,6.6647,6.6097
QICEf48.log10.bin,19,24.384,17.586,13.571,10.346,8.7713,7.611999999999999,6.6647,6.6097
QICEf48.log10.bin,20,24.384,17.586,13.571,10.346,8.7713,7.611999999999999,6.6647,6.6097
QICEf48.log10.bin,21,24.384,17.586,13.571,10.346,8.7713,7.611900000000001,6.6647,6.6097
QICEf48.log10.bin,22,24.384,17.586,13.571,10.346,8.7712,7.611900000000001,6.6647,6.6097
QICEf48.log10.bin,23,24.384,17.586,13.571,10.346,8.7712,7.611900000000001,6.6647,6.6097
QICEf48.log10.bin,24,24.384,17.586,13.571,10.346,8.7712,7.611900000000001,6.6647,6.6097
QICEf48.log10.bin,32,24.384,17.586,13.571,10.346,8.7712,7.611900000000001,6.6647,6.6097
QICEf48.log10.bin,64,24.383,17.586,13.571,10.346,8.7711,7.611900000000001,6.6646,6.6097
QICEf48.log10.bin,128,24.382,17.585,13.571,10.345,8.771,7.6117,6.6645,6.6096
QICEf48.log10.bin,256,24.379,17.583,13.57,10.345,8.7706,7.6115,6.6643,6.6094
QICEf48.log10.bin,512,24.374,17.581,13.568,10.344,8.7699,7.611,6.663900000000001,6.608999999999999
QICEf48.log10.bin,1024,24.363,17.575,13.565,10.342,8.7686,7.6099,6.6631,6.6082
QRAINf48.bin,1,357.6000000000001,146.97,64.345,40.263,26.97,15.434,9.964,6.654700000000001
QRAINf48.bin,2,357.6000000000001,146.97,64.345,40.263,26.969000000000005,15.434,9.964,6.654700000000001
QRAINf48.bin,3,357.6000000000001,146.97,64.345,40.263,26.969000000000005,15.434,9.964,6.654700000000001
QRAINf48.bin,4,357.6000000000001,146.97,64.345,40.263,26.969000000000005,15.434,9.964,6.654700000000001
QRAINf48.bin,5,357.6000000000001,146.97,64.345,40.263,26.969000000000005,15.434,9.964,6.654700000000001
QRAINf48.bin,6,357.6000000000001,146.97,64.345,40.263,26.969000000000005,15.434,9.964,6.654700000000001
QRAINf48.bin,7,357.6000000000001,146.97,64.345,40.263,26.969000000000005,15.434,9.964,6.654700000000001
QRAINf48.bin,8,357.6000000000001,146.97,64.345,40.263,26.969000000000005,15.434,9.964,6.654700000000001
QRAINf48.bin,9,357.59,146.97,64.345,40.263,26.969000000000005,15.434,9.964,6.654700000000001
QRAINf48.bin,10,357.59,146.97,64.345,40.263,26.969000000000005,15.434,9.964,6.654700000000001
QRAINf48.bin,11,357.59,146.97,64.344,40.263,26.969000000000005,15.434,9.964,6.654700000000001
QRAINf48.bin,12,357.59,146.97,64.344,40.263,26.969000000000005,15.434,9.964,6.654700000000001
QRAINf48.bin,13,357.59,146.97,64.344,40.263,26.969000000000005,15.434,9.964,6.654700000000001
QRAINf48.bin,14,357.59,146.96,64.344,40.263,26.969000000000005,15.434,9.964,6.654700000000001
QRAINf48.bin,15,357.58,146.96,64.344,40.262,26.969000000000005,15.434,9.964,6.654700000000001
QRAINf48.bin,16,357.58,146.96,64.344,40.262,26.969000000000005,15.434,9.964,6.654700000000001
QRAINf48.bin,17,357.58,146.96,64.344,40.262,26.969000000000005,15.434,9.964,6.654700000000001
QRAINf48.bin,18,357.58,146.96,64.344,40.262,26.969000000000005,15.434,9.964,6.654700000000001
QRAINf48.bin,19,357.58,146.96,64.344,40.262,26.969000000000005,15.434,9.964,6.654700000000001
QRAINf48.bin,20,357.58,146.96,64.344,40.262,26.969000000000005,15.434,9.964,6.654700000000001
QRAINf48.bin,21,357.58,146.96,64.344,40.262,26.969000000000005,15.434,9.964,6.654700000000001
QRAINf48.bin,22,357.58,146.96,64.344,40.262,26.969000000000005,15.434,9.964,6.654700000000001
QRAINf48.bin,23,357.57,146.96,64.344,40.262,26.969000000000005,15.434,9.964,6.654700000000001
QRAINf48.bin,24,357.57,146.96,64.344,40.262,26.969000000000005,15.434,9.9639,6.654700000000001
QRAINf48.bin,32,357.56,146.96,64.343,40.262,26.969000000000005,15.433,9.9639,6.654700000000001
QRAINf48.bin,64,357.52,146.95,64.341,40.261,26.968,15.433,9.9638,6.654599999999999
QRAINf48.bin,128,357.44,146.94,64.338,40.258,26.967,15.433,9.9636,6.6545
QRAINf48.bin,256,357.29,146.91,64.334,40.253,26.964,15.432,9.9632,6.6544
QRAINf48.bin,512,357.0,146.86,64.323,40.244,26.959,15.43,9.9624,6.654
QRAINf48.bin,1024,356.45,146.76,64.303,40.225,26.947999999999997,15.426,9.9608,6.653299999999999
QRAINf48.log10.bin,1,10.676,6.5274,4.3762,2.8885,2.2766,1.8766,1.5419,1.4932
QRAINf48.log10.bin,2,10.676,6.5274,4.3762,2.8885,2.2766,1.8766,1.5419,1.4932
QRAINf48.log10.bin,3,10.676,6.5274,4.3762,2.8885,2.2766,1.8766,1.5419,1.4932
QRAINf48.log10.bin,4,10.676,6.5274,4.3762,2.8885,2.2766,1.8766,1.5419,1.4932
QRAINf48.log10.bin,5,10.676,6.5274,4.3762,2.8885,2.2766,1.8766,1.5419,1.4932
QRAINf48.log10.bin,6,10.676,6.5274,4.3762,2.8885,2.2766,1.8766,1.5419,1.4932
QRAINf48.log10.bin,7,10.676,6.5274,4.3762,2.8885,2.2766,1.8766,1.5419,1.4932
QRAINf48.log10.bin,8,10.676,6.5274,4.3762,2.8885,2.2766,1.8766,1.5419,1.4932
QRAINf48.log10.bin,9,10.676,6.5274,4.3762,2.8885,2.2766,1.8766,1.5419,1.4932
QRAINf48.log10.bin,10,10.676,6.5274,4.3762,2.8885,2.2766,1.8766,1.5419,1.4932
QRAINf48.log10.bin,11,10.676,6.5274,4.3762,2.8885,2.2766,1.8766,1.5419,1.4932
QRAINf48.log10.bin,12,10.676,6.5274,4.3762,2.8885,2.2766,1.8766,1.5419,1.4932
QRAINf48.log10.bin,13,10.676,6.5274,4.3762,2.8885,2.2766,1.8766,1.5419,1.4932
QRAINf48.log10.bin,14,10.676,6.5274,4.3762,2.8885,2.2766,1.8766,1.5419,1.4932
QRAINf48.log10.bin,15,10.676,6.5273,4.3762,2.8885,2.2766,1.8766,1.5419,1.4932
QRAINf48.log10.bin,16,10.676,6.5273,4.3762,2.8885,2.2766,1.8766,1.5419,1.4932
QRAINf48.log10.bin,17,10.676,6.5273,4.3762,2.8885,2.2766,1.8766,1.5419,1.4932
QRAINf48.log10.bin,18,10.676,6.5273,4.3762,2.8885,2.2766,1.8766,1.5419,1.4932
QRAINf48.log10.bin,19,10.676,6.5273,4.3762,2.8885,2.2766,1.8766,1.5419,1.4932
QRAINf48.log10.bin,20,10.676,6.5273,4.3762,2.8885,2.2766,1.8766,1.5419,1.4932
QRAINf48.log10.bin,21,10.676,6.5273,4.3762,2.8885,2.2766,1.8766,1.5419,1.4932
QRAINf48.log10.bin,22,10.676,6.5273,4.3762,2.8885,2.2766,1.8766,1.5419,1.4932
QRAINf48.log10.bin,23,10.676,6.5273,4.3762,2.8885,2.2766,1.8766,1.5419,1.4932
QRAINf48.log10.bin,24,10.676,6.5273,4.3762,2.8885,2.2766,1.8766,1.5419,1.4932
QRAINf48.log10.bin,32,10.676,6.5273,4.3762,2.8885,2.2766,1.8766,1.5419,1.4932
QRAINf48.log10.bin,64,10.676,6.5273,4.3762,2.8885,2.2766,1.8766,1.5419,1.4932
QRAINf48.log10.bin,128,10.676,6.5272,4.3761,2.8885,2.2766,1.8766,1.5419,1.4932
QRAINf48.log10.bin,256,10.675000000000002,6.527,4.3761,2.8885,2.2765,1.8766,1.5419,1.4932
QRAINf48.log10.bin,512,10.674,6.526599999999999,4.3759,2.8883999999999994,2.2765,1.8766,1.5419,1.4932
QRAINf48.log10.bin,1024,10.672000000000002,6.5259,4.3755,2.8882,2.2764,1.8765,1.5419,1.4931
QSNOWf48.bin,1,238.77,93.603,37.639,21.981000000000005,13.313,7.1688,4.828,3.5056999999999996
QSNOWf48.bin,2,238.77,93.603,37.639,21.981000000000005,13.313,7.1688,4.828,3.5056999999999996
QSNOWf48.bin,3,238.77,93.60200000000002,37.639,21.981000000000005,13.313,7.1688,4.828,3.5056999999999996
QSNOWf48.bin,4,238.77,93.60200000000002,37.639,21.981000000000005,13.313,7.1688,4.828,3.5056999999999996
QSNOWf48.bin,5,238.77,93.60200000000002,37.639,21.981000000000005,13.313,7.1688,4.828,3.5056999999999996
QSNOWf48.bin,6,238.76,93.601,37.638,21.981000000000005,13.313,7.1688,4.828,3.5056999999999996
QSNOWf48.bin,7,238.76,93.601,37.638,21.981000000000005,13.313,7.1688,4.828,3.5056999999999996
QSNOWf48.bin,8,238.76,93.601,37.638,21.981000000000005,13.313,7.1688,4.828,3.5056999999999996
QSNOWf48.bin,9,238.76,93.601,37.638,21.981000000000005,13.313,7.1688,4.828,3.5056999999999996
QSNOWf48.bin,10,238.76,93.601,37.638,21.981000000000005,13.313,7.1688,4.828,3.5056999999999996
QSNOWf48.bin,11,238.76,93.601,37.638,21.981000000000005,13.313,7.1688,4.828,3.5056999999999996
QSNOWf48.bin,12,238.75,93.601,37.638,21.981000000000005,13.313,7.1688,4.828,3.5056999999999996
QSNOWf48.bin,13,238.75,93.601,37.638,21.981000000000005,13.313,7.1688,4.828,3.5056999999999996
QSNOWf48.bin,14,238.75,93.59999999999998,37.638,21.981000000000005,13.313,7.1688,4.828,3.5056999999999996
QSNOWf48.bin,15,238.75,93.59999999999998,37.638,21.981000000000005,13.313,7.1688,4.828,3.5056999999999996
QSNOWf48.bin,16,238.75,93.59999999999998,37.638,21.981000000000005,13.313,7.1688,4.828,3.5056999999999996
QSNOWf48.bin,17,238.75,93.59999999999998,37.638,21.981000000000005,13.313,7.1688,4.828,3.5056999999999996
QSNOWf48.bin,18,238.75,93.599,37.638,21.981000000000005,13.313,7.1688,4.828,3.5056999999999996
QSNOWf48.bin,19,238.75,93.599,37.638,21.981000000000005,13.313,7.1688,4.828,3.5056999999999996
QSNOWf48.bin,20,238.75,93.599,37.638,21.981000000000005,13.313,7.1688,4.828,3.5056999999999996
QSNOWf48.bin,21,238.75,93.599,37.638,21.981000000000005,13.313,7.1688,4.828,3.5056999999999996
QSNOWf48.bin,22,238.75,93.599,37.638,21.981000000000005,13.313,7.1688,4.828,3.5056999999999996
QSNOWf48.bin,23,238.74,93.599,37.638,21.981000000000005,13.313,7.1688,4.828,3.5056999999999996
QSNOWf48.bin,24,238.74,93.599,37.638,21.981000000000005,13.313,7.1688,4.828,3.5056999999999996
QSNOWf48.bin,32,238.73,93.597,37.637,21.981000000000005,13.313,7.1688,4.828,3.5056999999999996
QSNOWf48.bin,64,238.69999999999996,93.591,37.636,21.98,13.313,7.1687,4.828,3.5056999999999996
QSNOWf48.bin,128,238.63,93.57800000000002,37.634,21.979,13.312,7.1686000000000005,4.8279,3.5056999999999996
QSNOWf48.bin,256,238.5,93.555,37.629,21.977,13.312,7.168400000000001,4.8278,3.5056
QSNOWf48.bin,512,238.24,93.512,37.62,21.973,13.31,7.168,4.8276,3.5055
QSNOWf48.bin,1024,237.73,93.42400000000002,37.601,21.965,13.307,7.1671000000000005,4.8272,3.5053
QSNOWf48.log10.bin,1,13.425000000000002,7.3961,4.6889,3.0096000000000003,2.3509,1.9268,1.5673000000000001,1.5027
QSNOWf48.log10.bin,2,13.425000000000002,7.3961,4.6889,3.0096000000000003,2.3509,1.9268,1.5673000000000001,1.5027
QSNOWf48.log10.bin,3,13.425000000000002,7.3961,4.6889,3.0096000000000003,2.3509,1.9268,1.5673000000000001,1.5027
QSNOWf48.log10.bin,4,13.425000000000002,7.3961,4.6889,3.0096000000000003,2.3509,1.9268,1.5673000000000001,1.5027
QSNOWf48.log10.bin,5,13.425000000000002,7.3961,4.6889,3.0096000000000003,2.3509,1.9268,1.5673000000000001,1.5027
QSNOWf48.log10.bin,6,13.425000000000002,7.3961,4.6889,3.0096000000000003,2.3509,1.9268,1.5673000000000001,1.5027
QSNOWf48.log10.bin,7,13.425000000000002,7.3961,4.6889,3.0096000000000003,2.3509,1.9268,1.5673000000000001,1.5027
QSNOWf48.log10.bin,8,13.425000000000002,7.3961,4.6889,3.0096000000000003,2.3509,1.9268,1.5673000000000001,1.5027
QSNOWf48.log10.bin,9,13.425000000000002,7.3961,4.6889,3.0096000000000003,2.3509,1.9268,1.5673000000000001,1.5027
QSNOWf48.log10.bin,10,13.425000000000002,7.3961,4.6889,3.0096000000000003,2.3509,1.9268,1.5673000000000001,1.5027
QSNOWf48.log10.bin,11,13.425000000000002,7.3961,4.6889,3.0096000000000003,2.3509,1.9268,1.5673000000000001,1.5027
QSNOWf48.log10.bin,12,13.425000000000002,7.3961,4.6889,3.0096000000000003,2.3509,1.9268,1.5673000000000001,1.5027
QSNOWf48.log10.bin,13,13.425000000000002,7.3961,4.6889,3.0096000000000003,2.3509,1.9268,1.5673000000000001,1.5027
QSNOWf48.log10.bin,14,13.425000000000002,7.3961,4.6889,3.0096000000000003,2.3509,1.9268,1.5673000000000001,1.5027
QSNOWf48.log10.bin,15,13.425000000000002,7.3961,4.6889,3.0096000000000003,2.3509,1.9268,1.5673000000000001,1.5027
QSNOWf48.log10.bin,16,13.425000000000002,7.3961,4.6889,3.0096000000000003,2.3509,1.9268,1.5673000000000001,1.5027
QSNOWf48.log10.bin,17,13.425000000000002,7.3961,4.6889,3.0096000000000003,2.3509,1.9268,1.5673000000000001,1.5027
QSNOWf48.log10.bin,18,13.425000000000002,7.3961,4.6889,3.0096000000000003,2.3509,1.9268,1.5673000000000001,1.5027
QSNOWf48.log10.bin,19,13.425000000000002,7.3961,4.6889,3.0096000000000003,2.3509,1.9268,1.5673000000000001,1.5027
QSNOWf48.log10.bin,20,13.425000000000002,7.3961,4.6889,3.0096000000000003,2.3509,1.9268,1.5673000000000001,1.5027
QSNOWf48.log10.bin,21,13.425000000000002,7.3961,4.6889,3.0096000000000003,2.3509,1.9268,1.5673000000000001,1.5027
QSNOWf48.log10.bin,22,13.425000000000002,7.3961,4.6889,3.0096000000000003,2.3509,1.9268,1.5673000000000001,1.5027
QSNOWf48.log10.bin,23,13.425000000000002,7.396,4.6889,3.0096000000000003,2.3509,1.9268,1.5673000000000001,1.5027
QSNOWf48.log10.bin,24,13.425000000000002,7.396,4.6889,3.0096000000000003,2.3509,1.9268,1.5673000000000001,1.5027
QSNOWf48.log10.bin,32,13.425000000000002,7.396,4.6889,3.0095000000000005,2.3509,1.9268,1.5673000000000001,1.5027
QSNOWf48.log10.bin,64,13.425000000000002,7.396,4.6889,3.0095000000000005,2.3509,1.9268,1.5673000000000001,1.5027
QSNOWf48.log10.bin,128,13.425000000000002,7.3959,4.6888,3.0095000000000005,2.3509,1.9268,1.5673000000000001,1.5027
QSNOWf48.log10.bin,256,13.424,7.395599999999999,4.6887,3.0095000000000005,2.3508,1.9268,1.5672,1.5027
QSNOWf48.log10.bin,512,13.422000000000002,7.3951,4.6885,3.0094,2.3508,1.9268,1.5672,1.5026
QSNOWf48.log10.bin,1024,13.419000000000002,7.3942000000000005,4.6882,3.0092,2.3507,1.9267,1.5672,1.5026
QVAPORf48.bin,1,54.625,17.308,9.3942,5.8998,3.6622,2.7652,2.2025,1.7962999999999998
QVAPORf48.bin,2,54.625,17.308,9.3942,5.8998,3.6622,2.7652,2.2025,1.7962999999999998
QVAPORf48.bin,3,54.624,17.307,9.3942,5.8998,3.6622,2.7652,2.2025,1.7962999999999998
QVAPORf48.bin,4,54.624,17.307,9.3942,5.8998,3.6622,2.7652,2.2025,1.7962999999999998
QVAPORf48.bin,5,54.624,17.307,9.3942,5.8998,3.6622,2.7652,2.2025,1.7962999999999998
QVAPORf48.bin,6,54.624,17.307,9.3941,5.8998,3.6622,2.7652,2.2025,1.7962999999999998
QVAPORf48.bin,7,54.624,17.307,9.3941,5.8998,3.6622,2.7652,2.2025,1.7962999999999998
QVAPORf48.bin,8,54.624,17.307,9.3941,5.8998,3.6622,2.7652,2.2025,1.7962999999999998
QVAPORf48.bin,9,54.624,17.307,9.3941,5.8998,3.6622,2.7652,2.2025,1.7962999999999998
QVAPORf48.bin,10,54.624,17.307,9.3941,5.8998,3.6622,2.7652,2.2025,1.7962999999999998
QVAPORf48.bin,11,54.624,17.307,9.3941,5.8998,3.6622,2.7652,2.2025,1.7962999999999998
QVAPORf48.bin,12,54.623,17.307,9.3941,5.8998,3.6622,2.7651,2.2025,1.7962999999999998
QVAPORf48.bin,13,54.623,17.307,9.3941,5.8998,3.6622,2.7651,2.2025,1.7962999999999998
QVAPORf48.bin,14,54.623,17.307,9.3941,5.8998,3.6622,2.7651,2.2025,1.7962999999999998
QVAPORf48.bin,15,54.623,17.307,9.3941,5.8998,3.6622,2.7651,2.2025,1.7962999999999998
QVAPORf48.bin,16,54.623,17.307,9.3941,5.8998,3.6622,2.7651,2.2025,1.7962999999999998
QVAPORf48.bin,17,54.623,17.307,9.3941,5.8998,3.6622,2.7651,2.2025,1.7962999999999998
QVAPORf48.bin,18,54.623,17.307,9.3941,5.8998,3.6622,2.7651,2.2025,1.7962999999999998
QVAPORf48.bin,19,54.623,17.307,9.3941,5.8998,3.6622,2.7651,2.2025,1.7962999999999998
QVAPORf48.bin,20,54.623,17.307,9.3941,5.8998,3.6622,2.7651,2.2025,1.7962999999999998
QVAPORf48.bin,21,54.623,17.307,9.3941,5.8998,3.6622,2.7651,2.2025,1.7962999999999998
QVAPORf48.bin,22,54.623,17.307,9.3941,5.8998,3.6622,2.7651,2.2025,1.7962999999999998
QVAPORf48.bin,23,54.623,17.307,9.3941,5.8998,3.6622,2.7651,2.2025,1.7962999999999998
QVAPORf48.bin,24,54.62199999999999,17.307,9.3941,5.8998,3.6621,2.7651,2.2025,1.7962999999999998
QVAPORf48.bin,32,54.62199999999999,17.307,9.3941,5.8998,3.6621,2.7651,2.2025,1.7962999999999998
QVAPORf48.bin,64,54.619,17.307,9.394,5.8997,3.6621,2.7651,2.2025,1.7962999999999998
QVAPORf48.bin,128,54.613,17.306,9.3938,5.8996,3.6621,2.7651,2.2025,1.7962999999999998
QVAPORf48.bin,256,54.602,17.305,9.3934,5.8995,3.6620000000000004,2.7651,2.2025,1.7962999999999998
QVAPORf48.bin,512,54.580000000000005,17.302,9.3926,5.8992,3.6619000000000006,2.765,2.2025,1.7962
QVAPORf48.bin,1024,54.537,17.297,9.391,5.898599999999999,3.6617,2.7648999999999995,2.2024,1.7962
TCf48.bin,1,48.354000000000006,20.266,7.3663,4.4906,3.1741000000000006,2.2754,1.8755999999999997,1.7273000000000003
TCf48.bin,2,48.354000000000006,20.266,7.3663,4.4906,3.1741000000000006,2.2754,1.8755999999999997,1.7273000000000003
TCf48.bin,3,48.354000000000006,20.266,7.3663,4.4906,3.1741000000000006,2.2754,1.8755999999999997,1.7273000000000003
TCf48.bin,4,48.354000000000006,20.266,7.3663,4.4906,3.1741000000000006,2.2754,1.8755999999999997,1.7273000000000003
TCf48.bin,5,48.354000000000006,20.266,7.3663,4.4906,3.1741000000000006,2.2754,1.8755999999999997,1.7273000000000003
TCf48.bin,6,48.354000000000006,20.266,7.3663,4.4906,3.1741000000000006,2.2754,1.8755999999999997,1.7273000000000003
TCf48.bin,7,48.354000000000006,20.266,7.3663,4.4906,3.1741000000000006,2.2754,1.8755999999999997,1.7273000000000003
TCf48.bin,8,48.354000000000006,20.266,7.3663,4.4906,3.1741000000000006,2.2754,1.8755999999999997,1.7273000000000003
TCf48.bin,9,48.354000000000006,20.266,7.3663,4.4906,3.1741000000000006,2.2754,1.8755999999999997,1.7273000000000003
TCf48.bin,10,48.354000000000006,20.266,7.3663,4.4906,3.1741000000000006,2.2754,1.8755999999999997,1.7273000000000003
TCf48.bin,11,48.354000000000006,20.266,7.3663,4.4906,3.1741000000000006,2.2754,1.8755999999999997,1.7273000000000003
TCf48.bin,12,48.353,20.266,7.3663,4.4906,3.1741000000000006,2.2754,1.8755999999999997,1.7273000000000003
TCf48.bin,13,48.353,20.266,7.3663,4.4906,3.1741000000000006,2.2754,1.8755999999999997,1.7273000000000003
TCf48.bin,14,48.353,20.266,7.3663,4.4906,3.1741000000000006,2.2754,1.8755999999999997,1.7273000000000003
TCf48.bin,15,48.353,20.266,7.3663,4.4906,3.1741000000000006,2.2754,1.8755999999999997,1.7273000000000003
TCf48.bin,16,48.353,20.266,7.3663,4.4906,3.1741000000000006,2.2754,1.8755999999999997,1.7273000000000003
TCf48.bin,17,48.353,20.266,7.3663,4.4906,3.1741000000000006,2.2754,1.8755999999999997,1.7273000000000003
TCf48.bin,18,48.353,20.266,7.3663,4.4906,3.1741000000000006,2.2754,1.8755999999999997,1.7273000000000003
TCf48.bin,19,48.353,20.266,7.3663,4.4906,3.1741000000000006,2.2754,1.8755999999999997,1.7273000000000003
TCf48.bin,20,48.353,20.266,7.3663,4.4906,3.1741000000000006,2.2754,1.8755999999999997,1.7273000000000003
TCf48.bin,21,48.353,20.266,7.3663,4.4906,3.1741000000000006,2.2754,1.8755999999999997,1.7273000000000003
TCf48.bin,22,48.353,20.266,7.3663,4.4906,3.1741000000000006,2.2754,1.8755999999999997,1.7273000000000003
TCf48.bin,23,48.353,20.266,7.3663,4.4906,3.1741000000000006,2.2754,1.8755999999999997,1.7273000000000003
TCf48.bin,24,48.353,20.266,7.3663,4.4906,3.1741000000000006,2.2754,1.8755999999999997,1.7273000000000003
TCf48.bin,32,48.352,20.266,7.3663,4.4906,3.1741000000000006,2.2754,1.8755999999999997,1.7273000000000003
TCf48.bin,64,48.349,20.265,7.3662,4.4905,3.1741000000000006,2.2754,1.8755999999999997,1.7273000000000003
TCf48.bin,128,48.344,20.264,7.3661,4.4905,3.1741000000000006,2.2753,1.8755999999999997,1.7273000000000003
TCf48.bin,256,48.333,20.262,7.3658,4.4904,3.1741000000000006,2.2753,1.8755999999999997,1.7272
TCf48.bin,512,48.31300000000001,20.259,7.3653,4.4902,3.174,2.2753,1.8755999999999997,1.7272
TCf48.bin,1024,48.270999999999994,20.251,7.3644,4.4899,3.1738,2.2752,1.8755,1.7272
Uf48.bin,1,51.267,13.024,6.5471,4.1324,2.7334,2.1782,1.8101,1.5127999999999997
Uf48.bin,2,51.267,13.024,6.5471,4.1324,2.7334,2.1782,1.8101,1.5127999999999997
Uf48.bin,3,51.267,13.024,6.5471,4.1324,2.7334,2.1782,1.8101,1.5127999999999997
Uf48.bin,4,51.267,13.024,6.5471,4.1324,2.7334,2.1782,1.8101,1.5127999999999997
Uf48.bin,5,51.267,13.024,6.5471,4.1324,2.7334,2.1782,1.8101,1.5127999999999997
Uf48.bin,6,51.267,13.024,6.5471,4.1324,2.7334,2.1782,1.8101,1.5127999999999997
Uf48.bin,7,51.267,13.024,6.5471,4.1324,2.7334,2.1782,1.8101,1.5127999999999997
Uf48.bin,8,51.267,13.024,6.5471,4.1324,2.7334,2.1782,1.8101,1.5127999999999997
Uf48.bin,9,51.266,13.024,6.5471,4.1324,2.7334,2.1782,1.8101,1.5127999999999997
Uf48.bin,10,51.266,13.024,6.5471,4.1324,2.7334,2.1782,1.8101,1.5127999999999997
Uf48.bin,11,51.266,13.024,6.5471,4.1324,2.7334,2.1782,1.8101,1.5127999999999997
Uf48.bin,12,51.266,13.024,6.5471,4.1324,2.7334,2.1782,1.8101,1.5127999999999997
Uf48.bin,13,51.266,13.024,6.5471,4.1324,2.7334,2.1782,1.8101,1.5127999999999997
Uf48.bin,14,51.266,13.024,6.5471,4.1324,2.7334,2.1782,1.8101,1.5127999999999997
Uf48.bin,15,51.266,13.024,6.5471,4.1324,2.7334,2.1782,1.8101,1.5127999999999997
Uf48.bin,16,51.266,13.024,6.5471,4.1324,2.7334,2.1782,1.8101,1.5127999999999997
Uf48.bin,17,51.266,13.024,6.5471,4.1324,2.7334,2.1782,1.8101,1.5127999999999997
Uf48.bin,18,51.266,13.024,6.5471,4.1324,2.7334,2.1782,1.8101,1.5127999999999997
Uf48.bin,19,51.266,13.024,6.5471,4.1324,2.7334,2.1782,1.8101,1.5127999999999997
Uf48.bin,20,51.266,13.024,6.5471,4.1324,2.7334,2.1782,1.8101,1.5127999999999997
Uf48.bin,21,51.26500000000001,13.024,6.5471,4.1324,2.7334,2.1782,1.8101,1.5127999999999997
Uf48.bin,22,51.26500000000001,13.024,6.5471,4.1324,2.7334,2.1782,1.8101,1.5127999999999997
Uf48.bin,23,51.26500000000001,13.024,6.5471,4.1324,2.7334,2.1782,1.8101,1.5127999999999997
Uf48.bin,24,51.26500000000001,13.024,6.5471,4.1324,2.7334,2.1782,1.8101,1.5127999999999997
Uf48.bin,32,51.264,13.024,6.5471,4.1324,2.7334,2.1782,1.8101,1.5127999999999997
Uf48.bin,64,51.262,13.024,6.547,4.1324,2.7334,2.1782,1.8101,1.5127999999999997
Uf48.bin,128,51.256,13.023000000000001,6.5469,4.1324,2.7334,2.1782,1.8101,1.5127999999999997
Uf48.bin,256,51.244,13.023000000000001,6.5468,4.1323,2.7334,2.1782,1.8101,1.5127999999999997
Uf48.bin,512,51.221,13.021,6.546400000000001,4.1321,2.7333,2.1782,1.8101,1.5127999999999997
Uf48.bin,1024,51.174,13.018,6.5456,4.1318,2.7332,2.1781,1.8099999999999998,1.5127999999999997
Vf48.bin,1,51.415,13.229,6.6203,4.1645,2.7479,2.1874,1.8164,1.5316
Vf48.bin,2,51.415,13.229,6.6203,4.1645,2.7479,2.1874,1.8164,1.5316
Vf48.bin,3,51.415,13.229,6.6203,4.1645,2.7479,2.1874,1.8164,1.5316
Vf48.bin,4,51.415,13.229,6.6203,4.1645,2.7479,2.1874,1.8164,1.5316
Vf48.bin,5,51.415,13.229,6.6203,4.1645,2.7479,2.1874,1.8164,1.5316
Vf48.bin,6,51.415,13.229,6.6203,4.1645,2.7479,2.1874,1.8164,1.5316
Vf48.bin,7,51.41400000000001,13.229,6.6203,4.1645,2.7479,2.1874,1.8164,1.5316
Vf48.bin,8,51.41400000000001,13.229,6.6203,4.1645,2.7479,2.1874,1.8164,1.5316
Vf48.bin,9,51.41400000000001,13.229,6.6203,4.1645,2.7479,2.1874,1.8164,1.5316
Vf48.bin,10,51.41400000000001,13.229,6.6203,4.1645,2.7479,2.1874,1.8164,1.5316
Vf48.bin,11,51.41400000000001,13.229,6.6203,4.1645,2.7479,2.1874,1.8164,1.5316
Vf48.bin,12,51.41400000000001,13.229,6.6203,4.1645,2.7479,2.1874,1.8164,1.5316
Vf48.bin,13,51.41400000000001,13.229,6.6203,4.1645,2.7479,2.1874,1.8164,1.5316
Vf48.bin,14,51.41400000000001,13.229,6.6203,4.1645,2.7479,2.1874,1.8164,1.5316
Vf48.bin,15,51.41400000000001,13.229,6.6203,4.1645,2.7479,2.1874,1.8164,1.5316
Vf48.bin,16,51.41299999999999,13.229,6.6203,4.1645,2.7479,2.1874,1.8164,1.5316
Vf48.bin,17,51.41299999999999,13.229,6.6203,4.1645,2.7479,2.1874,1.8164,1.5316
Vf48.bin,18,51.41299999999999,13.229,6.6203,4.1645,2.7479,2.1874,1.8164,1.5316
Vf48.bin,19,51.41299999999999,13.229,6.6203,4.1645,2.7479,2.1874,1.8164,1.5316
Vf48.bin,20,51.41299999999999,13.229,6.6203,4.1645,2.7479,2.1874,1.8164,1.5316
Vf48.bin,21,51.41299999999999,13.229,6.6203,4.1645,2.7479,2.1874,1.8164,1.5316
Vf48.bin,22,51.41299999999999,13.229,6.6203,4.1645,2.7479,2.1874,1.8164,1.5316
Vf48.bin,23,51.41299999999999,13.229,6.6203,4.1644,2.7479,2.1874,1.8164,1.5316
Vf48.bin,24,51.41299999999999,13.229,6.6203,4.1644,2.7479,2.1874,1.8164,1.5316
Vf48.bin,32,51.412,13.229,6.6202,4.1644,2.7479,2.1874,1.8164,1.5316
Vf48.bin,64,51.409,13.228,6.6202,4.1644,2.7478,2.1874,1.8164,1.5316
Vf48.bin,128,51.403,13.228,6.6201,4.1644,2.7478,2.1874,1.8164,1.5316
Vf48.bin,256,51.391,13.226999999999999,6.6199,4.1643,2.7478,2.1874,1.8164,1.5316
Vf48.bin,512,51.368,13.226,6.6194999999999995,4.1642,2.7477,2.1873,1.8163,1.5316
Vf48.bin,1024,51.321,13.223,6.6187,4.1638,2.7476,2.1872,1.8163,1.5315
Wf48.bin,1,41.615,12.963,6.487199999999999,3.6581999999999995,2.7304,2.1764,1.7129,1.4771
Wf48.bin,2,41.614,12.963,6.487199999999999,3.6581999999999995,2.7304,2.1764,1.7129,1.4771
Wf48.bin,3,41.614,12.963,6.487199999999999,3.6581999999999995,2.7304,2.1764,1.7129,1.4771
Wf48.bin,4,41.614,12.963,6.487199999999999,3.6581999999999995,2.7304,2.1764,1.7129,1.4771
Wf48.bin,5,41.614,12.963,6.487199999999999,3.6581999999999995,2.7304,2.1764,1.7129,1.4771
Wf48.bin,6,41.614,12.963,6.487199999999999,3.6581999999999995,2.7304,2.1764,1.7129,1.4771
Wf48.bin,7,41.614,12.963,6.487199999999999,3.6581999999999995,2.7304,2.1764,1.7129,1.4771
Wf48.bin,8,41.614,12.963,6.487199999999999,3.6581999999999995,2.7304,2.1764,1.7129,1.4771
Wf48.bin,9,41.614,12.963,6.487199999999999,3.6581999999999995,2.7304,2.1764,1.7129,1.4771
Wf48.bin,10,41.614,12.963,6.487199999999999,3.6581999999999995,2.7304,2.1764,1.7129,1.4771
Wf48.bin,11,41.614,12.963,6.487199999999999,3.6581999999999995,2.7304,2.1764,1.7129,1.4771
Wf48.bin,12,41.614,12.963,6.487199999999999,3.6581999999999995,2.7304,2.1764,1.7129,1.4771
Wf48.bin,13,41.614,12.963,6.487199999999999,3.6581999999999995,2.7304,2.1764,1.7129,1.4771
Wf48.bin,14,41.614,12.963,6.487199999999999,3.6581999999999995,2.7304,2.1764,1.7129,1.4771
Wf48.bin,15,41.614,12.963,6.487199999999999,3.6581999999999995,2.7304,2.1764,1.7129,1.4771
Wf48.bin,16,41.614,12.963,6.487100000000001,3.6581999999999995,2.7304,2.1764,1.7129,1.4771
Wf48.bin,17,41.614,12.963,6.487100000000001,3.6581999999999995,2.7304,2.1764,1.7129,1.4771
Wf48.bin,18,41.613,12.963,6.487100000000001,3.6581999999999995,2.7304,2.1764,1.7129,1.4771
Wf48.bin,19,41.613,12.963,6.487100000000001,3.6581999999999995,2.7304,2.1764,1.7129,1.4771
Wf48.bin,20,41.613,12.963,6.487100000000001,3.6581999999999995,2.7304,2.1764,1.7129,1.4771
Wf48.bin,21,41.613,12.963,6.487100000000001,3.6581999999999995,2.7304,2.1764,1.7129,1.4771
Wf48.bin,22,41.613,12.963,6.487100000000001,3.6581999999999995,2.7304,2.1764,1.7129,1.4771
Wf48.bin,23,41.613,12.963,6.487100000000001,3.6581999999999995,2.7304,2.1764,1.7129,1.4771
Wf48.bin,24,41.613,12.963,6.487100000000001,3.6581999999999995,2.7304,2.1764,1.7129,1.4771
Wf48.bin,32,41.613,12.963,6.487100000000001,3.6581999999999995,2.7304,2.1764,1.7129,1.4771
Wf48.bin,64,41.611,12.963,6.487100000000001,3.6581999999999995,2.7304,2.1764,1.7129,1.4771
Wf48.bin,128,41.607,12.961999999999998,6.486999999999999,3.6581999999999995,2.7304,2.1764,1.7129,1.4771
Wf48.bin,256,41.599,12.961999999999998,6.4868,3.6580999999999997,2.7304,2.1764,1.7129,1.477
Wf48.bin,512,41.584,12.96,6.4864,3.658,2.7303,2.1763,1.7129,1.477
Wf48.bin,1024,41.554,12.957,6.485699999999999,3.6578,2.7302,2.1763,1.7128000000000003,1.477
