Miranda,threads,1E-1,1E-2,1E-3,1E-4,1E-5,1E-6,1E-7,1E-8
density,1,0.14848466666666668,0.161529,0.17708133333333334,0.19855233333333333,0.21155866666666667,0.22453933333333334,0.23368733333333333,0.24618166666666666
density,2,0.07819966666666667,0.08672633333333334,0.09638999999999999,0.108968,0.11683633333333332,0.12450566666666667,0.13269233333333333,0.1389733333333333
density,3,0.06786866666666665,0.07867333333333333,0.09150866666666667,0.10915833333333332,0.11989500000000002,0.13005066666666668,0.14066266666666669,0.14664333333333335
density,4,0.050583333333333334,0.057457666666666664,0.06557400000000001,0.07628966666666666,0.08407766666666666,0.091229,0.09848833333333333,0.10460900000000001
density,5,0.045969333333333334,0.05484433333333333,0.06582133333333333,0.078506,0.08748766666666667,0.09453266666666667,0.100477,0.10367166666666666
density,6,0.03774133333333333,0.045015,0.053278,0.06349766666666667,0.071936,0.07748233333333333,0.08385999999999999,0.08762466666666667
density,7,0.033341666666666665,0.04161633333333333,0.05001266666666667,0.060132,0.06827066666666666,0.07272533333333332,0.07873266666666666,0.080547
density,8,0.030081,0.038365,0.04521766666666668,0.05388266666666667,0.060262666666666666,0.06784666666666667,0.072122,0.074573
density,9,0.027406,0.034463999999999995,0.04142866666666667,0.05103233333333334,0.057091333333333334,0.061546666666666666,0.06905,0.06951966666666666
density,10,0.026699333333333335,0.03253866666666667,0.03798466666666667,0.04804933333333333,0.053989666666666665,0.05673966666666667,0.06248666666666666,0.062294333333333334
density,11,0.02543833333333333,0.029306666666666665,0.03811066666666667,0.04426233333333333,0.05029733333333333,0.05311766666666667,0.05950366666666667,0.06250366666666667
density,12,0.028303333333333333,0.027797000000000002,0.03417233333333333,0.04181166666666667,0.04611099999999999,0.053091,0.055178000000000005,0.059375000000000004
density,13,0.024621333333333332,0.028933666666666667,0.039197666666666665,0.04433633333333333,0.047666999999999994,0.04607366666666666,0.054732333333333334,0.055038333333333335
density,14,0.023795999999999998,0.030582333333333333,0.03877466666666667,0.03857966666666667,0.04646166666666666,0.04795333333333333,0.053427,0.054517333333333334
density,15,0.026001999999999997,0.025981666666666667,0.030642666666666665,0.039717333333333334,0.042542,0.047798,0.057015666666666666,0.057749
density,16,0.024156666666666663,0.029658,0.03382533333333333,0.041456,0.04660566666666666,0.048863666666666666,0.054121333333333334,0.056623
density,17,0.023368666666666666,0.02743633333333333,0.033620000000000004,0.03993833333333333,0.04539066666666667,0.04993366666666666,0.05173866666666666,0.055099
density,18,0.022149333333333337,0.027231,0.031940666666666666,0.038137,0.044482333333333325,0.04684733333333333,0.051806333333333336,0.05454266666666666
density,19,0.021345666666666666,0.026443666666666667,0.03108666666666667,0.03692466666666667,0.042810666666666664,0.04546,0.050855000000000004,0.052915333333333335
density,20,0.02006866666666667,0.02497466666666667,0.030035999999999997,0.035737333333333336,0.041508333333333335,0.04470533333333334,0.049676,0.05233666666666667
density,21,0.019669999999999997,0.02386166666666667,0.029064999999999997,0.03503833333333333,0.039038666666666666,0.043229666666666666,0.04728366666666667,0.052087
density,22,0.01926,0.023423666666666666,0.027453666666666668,0.03491933333333333,0.038436,0.043029000000000005,0.04580766666666667,0.04991500000000001
density,23,0.01889233333333333,0.022750333333333334,0.02697366666666667,0.03685033333333334,0.038907000000000004,0.042256666666666665,0.04481733333333334,0.04873866666666666
density,24,0.020208,0.026258666666666666,0.030145999999999996,0.03480133333333333,0.041196,0.042889000000000004,0.044643999999999996,0.047606666666666665
density,32,0.017759,0.02184733333333333,0.023039999999999995,0.029087000000000002,0.029213,0.034266,0.039490000000000004,0.04209266666666667
density,64,0.016959,0.019352,0.021745333333333335,0.026609000000000004,0.027916,0.03014433333333334,0.03419133333333333,0.038027666666666675
density,128,0.016646333333333332,0.01858333333333333,0.020597333333333332,0.023433333333333334,0.027884333333333334,0.02961833333333333,0.032956,0.035168
density,256,0.018661333333333335,0.020260333333333335,0.022503333333333334,0.025736666666666668,0.02790933333333333,0.030782,0.034440000000000005,0.03701066666666667
density,512,0.022845666666666667,0.024134333333333337,0.026191333333333334,0.028393666666666668,0.0315,0.034201333333333334,0.038065,0.04021366666666667
density,1024,0.030579333333333333,0.03193566666666667,0.034814333333333336,0.036848,0.03943633333333334,0.04219799999999999,0.045379,0.04809533333333333
diffusivity,1,0.059587333333333325,0.07720966666666666,0.090837,0.10921833333333335,0.13089033333333333,0.147974,0.163532,0.18334433333333333
diffusivity,2,0.03425533333333333,0.04466966666666666,0.05441233333333334,0.06482333333333333,0.07865366666666666,0.08794333333333333,0.097186,0.10927733333333334
diffusivity,3,0.04353166666666667,0.05888466666666667,0.07333666666666666,0.08897633333333332,0.10654033333333333,0.12069566666666666,0.1291173333333333,0.13991800000000001
diffusivity,4,0.028728,0.038581,0.047985999999999994,0.05775666666666667,0.070393,0.08030066666666666,0.087354,0.097347
diffusivity,5,0.033144,0.045096,0.05605833333333333,0.06636433333333333,0.08021,0.08857566666666668,0.09300966666666666,0.097862
diffusivity,6,0.025379,0.035423333333333334,0.044394333333333334,0.053507,0.06452466666666666,0.07151066666666667,0.076805,0.08254566666666667
diffusivity,7,0.025424,0.034999,0.04294,0.05092666666666667,0.06134766666666667,0.06718233333333334,0.07130933333333332,0.07586933333333333
diffusivity,8,0.02279,0.030873,0.03800666666666667,0.046364666666666665,0.055098666666666664,0.05945466666666666,0.066245,0.068446
diffusivity,9,0.020981666666666666,0.028457999999999997,0.035033,0.042561666666666664,0.05158866666666667,0.05577033333333334,0.06217733333333333,0.06374566666666666
diffusivity,10,0.020177333333333335,0.026298000000000002,0.032591,0.03934666666666666,0.047352000000000005,0.053643666666666666,0.05511533333333333,0.06016666666666667
diffusivity,11,0.018023666666666667,0.024381666666666666,0.029733333333333334,0.03497533333333334,0.04575733333333334,0.049885000000000006,0.05289666666666667,0.05641533333333334
diffusivity,12,0.01741833333333333,0.022650666666666666,0.027891666666666665,0.036173666666666666,0.041624,0.04634666666666667,0.05071933333333334,0.051994000000000005
diffusivity,13,0.016422666666666665,0.024211,0.028557,0.03716033333333333,0.03944999999999999,0.046622,0.04665033333333333,0.052995999999999995
diffusivity,14,0.017497333333333337,0.022651333333333332,0.027907666666666667,0.030859666666666664,0.039788,0.04567766666666667,0.047821333333333334,0.05422433333333334
diffusivity,15,0.018302,0.021672666666666663,0.03006766666666667,0.029387666666666663,0.04283666666666667,0.044376,0.047745,0.05173333333333333
diffusivity,16,0.017856,0.02308733333333333,0.028877333333333335,0.032949,0.039544666666666665,0.044556000000000005,0.04894966666666667,0.053699
diffusivity,17,0.017483000000000002,0.021646666666666665,0.027397,0.03192533333333333,0.037552,0.044177999999999995,0.04890033333333333,0.05170733333333333
diffusivity,18,0.016716666666666668,0.022236333333333334,0.02636166666666667,0.03160399999999999,0.038012333333333335,0.045099,0.04534166666666667,0.05075733333333333
diffusivity,19,0.016146,0.021152666666666667,0.025141666666666663,0.02996333333333333,0.035716333333333336,0.039745,0.04294666666666667,0.04909666666666667
diffusivity,20,0.015464,0.020631,0.02473533333333333,0.029585666666666666,0.036255333333333334,0.040445666666666664,0.04274533333333334,0.047682
diffusivity,21,0.015202,0.01941,0.024043666666666668,0.028557,0.03521266666666667,0.03831933333333334,0.04196233333333333,0.044425
diffusivity,22,0.014779666666666665,0.019383666666666664,0.022865999999999997,0.028530333333333335,0.032697,0.037425,0.04089,0.045920666666666665
diffusivity,23,0.013541,0.022388333333333333,0.023121666666666665,0.027710666666666665,0.03347666666666667,0.037131333333333336,0.04072033333333334,0.04423866666666667
diffusivity,24,0.01828266666666667,0.020085333333333334,0.027128333333333334,0.029567333333333334,0.03322066666666667,0.036265,0.041389666666666665,0.04321866666666666
diffusivity,32,0.011889333333333333,0.015065666666666666,0.01706566666666667,0.021121333333333336,0.025206666666666665,0.026644333333333336,0.03008,0.034028666666666665
diffusivity,64,0.009859333333333333,0.011973666666666667,0.013639,0.017082,0.022684333333333334,0.024331666666666668,0.027084999999999998,0.031318
diffusivity,128,0.009674,0.011899333333333333,0.013798,0.016739333333333332,0.018852333333333332,0.022166333333333333,0.025074333333333334,0.030353666666666668
diffusivity,256,0.011677666666666668,0.013588999999999999,0.015041333333333332,0.017414333333333334,0.02083233333333333,0.024698666666666664,0.027413999999999997,0.031336333333333334
diffusivity,512,0.016098666666666667,0.018141333333333332,0.01945633333333333,0.021455000000000002,0.024484999999999996,0.028396999999999995,0.029733999999999997,0.03418433333333334
diffusivity,1024,0.023961999999999997,0.02555,0.026639,0.029991,0.03285366666666666,0.03554499999999999,0.03782666666666667,0.042950999999999996
pressure,1,0.07497466666666668,0.09885366666666666,0.12780066666666667,0.17871700000000001,0.21681666666666666,0.24693766666666664,0.28489600000000004,0.30817100000000003
pressure,2,0.04320266666666667,0.05717333333333333,0.074944,0.10723400000000001,0.12505733333333333,0.13950433333333334,0.16032266666666667,0.17645233333333332
pressure,3,0.05558733333333333,0.07199666666666667,0.08867566666666667,0.109864,0.12802366666666667,0.14039433333333332,0.15507833333333335,0.16308066666666668
pressure,4,0.03776433333333334,0.049764333333333334,0.06156233333333333,0.07861666666666667,0.090428,0.10147833333333334,0.11416433333333333,0.12314333333333334
pressure,5,0.03933266666666666,0.049438666666666665,0.06052633333333333,0.07640666666666666,0.08626833333333334,0.09444133333333334,0.10327866666666667,0.10835
pressure,6,0.032042999999999995,0.04015166666666666,0.049603666666666664,0.06244133333333333,0.07282633333333334,0.07909,0.08773700000000001,0.09411866666666667
pressure,7,0.029991666666666666,0.03721466666666667,0.046104,0.05763100000000001,0.065301,0.07220166666666666,0.08052366666666666,0.08665966666666665
pressure,8,0.026494666666666666,0.03327833333333333,0.040573,0.05236733333333333,0.05992666666666666,0.06563100000000001,0.07323466666666667,0.07625533333333334
pressure,9,0.023965,0.030231333333333332,0.037442,0.047636000000000005,0.054025333333333335,0.06013366666666667,0.067811,0.07348633333333333
pressure,10,0.022197666666666668,0.027839,0.034293666666666674,0.043719666666666664,0.05055066666666667,0.057164,0.064016,0.07050166666666667
pressure,11,0.02095633333333333,0.02549833333333333,0.031051333333333334,0.041632666666666665,0.04787266666666667,0.05369633333333334,0.06262933333333333,0.06973266666666667
pressure,12,0.022068666666666667,0.024882666666666664,0.031164,0.04049333333333333,0.04410766666666666,0.056176000000000004,0.06336633333333334,0.066748
pressure,13,0.019233333333333335,0.023065333333333337,0.03127633333333333,0.037363,0.04615233333333333,0.051089666666666665,0.058554,0.06554566666666667
pressure,14,0.017971333333333336,0.025400666666666665,0.026903999999999997,0.037843666666666664,0.042028666666666666,0.050833666666666666,0.056987,0.06567433333333333
pressure,15,0.020097666666666666,0.02544,0.02884,0.04011633333333334,0.04576033333333334,0.05049699999999999,0.058593,0.06227933333333333
pressure,16,0.020181333333333332,0.025656333333333333,0.030567999999999998,0.03920033333333333,0.04462566666666667,0.050332666666666664,0.05735233333333333,0.06227933333333333
pressure,17,0.019200666666666668,0.023504,0.028971999999999998,0.038374,0.043944000000000004,0.048897,0.05678133333333333,0.06077933333333333
pressure,18,0.019071666666666667,0.023535333333333335,0.028415,0.035589,0.04167233333333333,0.04737133333333334,0.052909000000000005,0.059255333333333327
pressure,19,0.017929666666666667,0.022092333333333335,0.026905333333333337,0.035004,0.04029,0.045505333333333335,0.05363500000000001,0.057287
pressure,20,0.016988666666666666,0.021238666666666666,0.026351666666666666,0.03279766666666667,0.03916333333333333,0.04436466666666666,0.050604,0.055821333333333334
pressure,21,0.016867,0.020444,0.02523033333333333,0.03269166666666667,0.037587333333333334,0.042726999999999994,0.048056666666666664,0.053904
pressure,22,0.016580666666666664,0.019788333333333335,0.024672333333333334,0.03141466666666667,0.036295666666666664,0.042126666666666666,0.048004,0.052111333333333336
pressure,23,0.015908333333333333,0.019451666666666662,0.023834333333333332,0.031496666666666666,0.03618266666666667,0.04196566666666666,0.04692933333333333,0.056203
pressure,24,0.019198,0.021538333333333336,0.023713666666666664,0.030087333333333337,0.037463666666666666,0.04200433333333333,0.04801066666666667,0.05135000000000001
pressure,32,0.013415333333333333,0.015253333333333332,0.019640666666666667,0.026826666666666665,0.029392666666666668,0.03631,0.04143466666666667,0.04964933333333333
pressure,64,0.010101666666666667,0.012858,0.016375666666666667,0.022070666666666666,0.02711033333333333,0.03218533333333334,0.03981233333333333,0.045115999999999996
pressure,128,0.010915000000000001,0.013368666666666668,0.016414666666666668,0.020733333333333336,0.025847333333333333,0.03291433333333333,0.04007433333333333,0.04455766666666666
pressure,256,0.012952,0.014815666666666666,0.017512,0.023414,0.02833966666666667,0.033070999999999996,0.038878,0.044469666666666664
pressure,512,0.017259666666666666,0.019171999999999998,0.021725333333333333,0.028082333333333334,0.031328666666666664,0.035541666666666666,0.042329000000000006,0.04790533333333333
pressure,1024,0.025084999999999996,0.026787999999999996,0.029471999999999998,0.034385,0.03887766666666667,0.043788,0.050154333333333335,0.05751766666666667
velocityx,1,0.143757,0.170602,0.19752366666666668,0.23742266666666667,0.271916,0.30937966666666666,0.3480503333333333,0.383546
velocityx,2,0.07746466666666667,0.09014699999999999,0.104952,0.12806866666666666,0.147691,0.16574733333333333,0.192886,0.21016966666666667
velocityx,3,0.068755,0.08372566666666666,0.09993033333333334,0.12187233333333335,0.138062,0.153066,0.16815900000000003,0.17747566666666667
velocityx,4,0.04964633333333333,0.058614,0.07065066666666668,0.08758866666666666,0.10033166666666667,0.11394866666666666,0.12884500000000002,0.137681
velocityx,5,0.044718,0.05458,0.06682633333333333,0.08148933333333334,0.092451,0.10385499999999999,0.113573,0.119278
velocityx,6,0.037414,0.04462033333333334,0.054633999999999995,0.068025,0.076917,0.08786433333333334,0.096376,0.10304433333333334
velocityx,7,0.03280466666666667,0.040725333333333336,0.049722333333333334,0.06143099999999999,0.069982,0.07795733333333334,0.086458,0.09217466666666667
velocityx,8,0.029664333333333334,0.03614166666666666,0.04428733333333334,0.05447633333333333,0.067153,0.07095066666666668,0.07881466666666666,0.08435100000000001
velocityx,9,0.02718066666666667,0.03318933333333334,0.040487333333333334,0.05159533333333333,0.059667666666666674,0.06631233333333332,0.079914,0.08006266666666667
velocityx,10,0.024718,0.030371,0.03820833333333334,0.04669500000000001,0.054925,0.06200866666666666,0.07329133333333333,0.076784
velocityx,11,0.025663333333333333,0.028414,0.03494133333333333,0.04840466666666667,0.052195,0.06145966666666667,0.06955766666666667,0.077725
velocityx,12,0.02705166666666667,0.026407333333333335,0.032765333333333334,0.040665,0.052647,0.060643333333333334,0.07022433333333333,0.07621833333333333
velocityx,13,0.025315333333333332,0.02795233333333334,0.032168666666666665,0.04361400000000001,0.050265333333333335,0.05845266666666666,0.06805366666666667,0.080513
velocityx,14,0.023818333333333334,0.027028,0.034900999999999995,0.04244866666666666,0.05009866666666666,0.05841933333333333,0.07077733333333332,0.07411833333333334
velocityx,15,0.02410733333333333,0.029834333333333334,0.03453266666666666,0.042015666666666666,0.049360999999999995,0.058552,0.066119,0.07217900000000001
velocityx,16,0.022315333333333336,0.02743,0.034148333333333336,0.04375633333333334,0.05121166666666666,0.05819533333333333,0.06558733333333333,0.071925
velocityx,17,0.022067333333333338,0.02684766666666667,0.033179,0.041155,0.04942966666666667,0.053960666666666664,0.062514,0.06829733333333333
velocityx,18,0.019968666666666666,0.025674000000000002,0.031014666666666663,0.03969066666666667,0.04619966666666667,0.053429000000000004,0.064305,0.06785399999999998
velocityx,19,0.019591,0.024152666666666666,0.030494000000000004,0.03862466666666667,0.04638766666666667,0.051331999999999996,0.05897366666666667,0.065501
velocityx,20,0.019050333333333332,0.023548,0.02855566666666667,0.037053,0.04351966666666667,0.04998666666666666,0.056619333333333334,0.06293
velocityx,21,0.01837933333333333,0.022651999999999995,0.028397333333333333,0.03732933333333333,0.041642,0.048362666666666665,0.056329333333333335,0.06274833333333334
velocityx,22,0.018091333333333334,0.021846999999999995,0.027392333333333335,0.035244,0.041109,0.04650833333333334,0.056568,0.060382
velocityx,23,0.018668333333333332,0.021202666666666665,0.026496000000000002,0.03450966666666667,0.040871,0.04581666666666667,0.05215566666666666,0.05957966666666667
velocityx,24,0.02086666666666667,0.020447666666666666,0.025962333333333334,0.03508566666666667,0.04117733333333333,0.04504666666666666,0.05686866666666667,0.06268666666666667
velocityx,32,0.01695366666666667,0.01989666666666667,0.024695333333333333,0.03249066666666667,0.038072,0.04259466666666667,0.053190999999999995,0.06062733333333333
velocityx,64,0.015700333333333334,0.018579666666666668,0.021550333333333335,0.028045,0.03338066666666667,0.04136,0.04848566666666667,0.055901
velocityx,128,0.015904333333333336,0.018264666666666665,0.022693333333333333,0.027148666666666668,0.032823333333333336,0.039221,0.046440666666666665,0.05283533333333334
velocityx,256,0.017574,0.02078033333333333,0.023606666666666665,0.030034666666666664,0.034215999999999996,0.039003,0.04809599999999999,0.053491666666666667
velocityx,512,0.021672666666666663,0.024145333333333335,0.026893666666666666,0.03313833333333333,0.037762,0.04303233333333333,0.051348,0.05794433333333334
velocityx,1024,0.02927633333333333,0.03170666666666667,0.03461433333333333,0.04060366666666666,0.045546,0.051686333333333334,0.058988000000000006,0.06626766666666667
velocityy,1,0.14376366666666668,0.169782,0.19584733333333335,0.23446866666666666,0.2654356666666667,0.30244566666666667,0.34100033333333335,0.36872366666666667
velocityy,2,0.07668333333333333,0.089057,0.103861,0.126621,0.14642166666666667,0.16587733333333332,0.19010633333333335,0.20701899999999998
velocityy,3,0.06766966666666667,0.08221466666666667,0.09859266666666666,0.12067966666666667,0.13744233333333333,0.15341533333333332,0.16792966666666667,0.17651866666666663
velocityy,4,0.04987833333333333,0.05985133333333333,0.070295,0.087534,0.10158233333333333,0.114191,0.12941666666666665,0.13754
velocityy,5,0.04444766666666666,0.054839,0.06674066666666667,0.08162766666666667,0.092173,0.101879,0.11183900000000001,0.118643
velocityy,6,0.03730666666666666,0.04439766666666667,0.05357,0.066761,0.07673166666666667,0.08588,0.09785133333333333,0.10319466666666667
velocityy,7,0.03286166666666667,0.040236666666666664,0.049373,0.06119433333333333,0.07002133333333332,0.07769833333333334,0.08646133333333333,0.09224766666666667
velocityy,8,0.029234333333333334,0.038566333333333334,0.043554,0.05414933333333333,0.06386333333333333,0.07127633333333333,0.07870433333333333,0.08571933333333333
velocityy,9,0.026583999999999997,0.03280133333333333,0.040891000000000004,0.050736,0.060352666666666666,0.066455,0.07734866666666668,0.08478233333333333
velocityy,10,0.02398366666666667,0.032527,0.037261333333333334,0.047734,0.06201633333333333,0.060665,0.07182300000000001,0.07821233333333333
velocityy,11,0.02346933333333333,0.02861733333333334,0.037385,0.04764933333333333,0.053461666666666664,0.06126299999999999,0.07042733333333333,0.075476
velocityy,12,0.021777666666666667,0.029980999999999997,0.037548333333333336,0.044981,0.04949733333333333,0.055093,0.06617333333333333,0.076726
velocityy,13,0.022333000000000002,0.02910533333333333,0.031924666666666664,0.043157333333333325,0.05246033333333333,0.05880266666666667,0.06448633333333333,0.07422466666666666
velocityy,14,0.02347166666666667,0.029999666666666664,0.03303966666666667,0.04705,0.05307800000000001,0.05498133333333333,0.06664766666666666,0.072265
velocityy,15,0.022663,0.028389333333333332,0.032951666666666664,0.04432333333333333,0.04774933333333333,0.056333333333333326,0.065305,0.07131266666666668
velocityy,16,0.022068,0.027753,0.03298966666666667,0.043443,0.05066366666666666,0.05695733333333333,0.06350333333333334,0.071751
velocityy,17,0.021777,0.026712,0.03306333333333333,0.04220733333333334,0.04879166666666667,0.05313533333333334,0.06276933333333333,0.067457
velocityy,18,0.020306666666666667,0.025404333333333334,0.031166666666666665,0.03957433333333333,0.04717166666666667,0.05370333333333333,0.06268,0.06845466666666668
velocityy,19,0.019726666666666667,0.024579,0.029747999999999997,0.038974666666666664,0.044375,0.050877666666666675,0.059455,0.06439766666666667
velocityy,20,0.018784333333333333,0.023312,0.028398666666666666,0.037332333333333335,0.043663,0.05122000000000001,0.057829,0.06331466666666667
velocityy,21,0.018304333333333336,0.022652333333333333,0.028162000000000003,0.03516766666666666,0.04218266666666667,0.04848066666666667,0.054894333333333344,0.06261833333333333
velocityy,22,0.017775666666666665,0.021844000000000002,0.027148666666666668,0.035333333333333335,0.041096,0.04755,0.05480566666666667,0.06029866666666667
velocityy,23,0.016865333333333333,0.02169966666666667,0.026217666666666667,0.03418266666666667,0.04111533333333333,0.048903,0.055059000000000004,0.059826333333333336
velocityy,24,0.02148333333333333,0.02466566666666667,0.027755333333333337,0.035589666666666665,0.042217,0.04863033333333333,0.053081333333333335,0.06371333333333333
velocityy,32,0.017192666666666665,0.020591,0.024015666666666668,0.033148333333333335,0.03747,0.04533266666666667,0.04944966666666667,0.058037000000000005
velocityy,64,0.015423333333333332,0.018056666666666665,0.02207833333333333,0.028174,0.033467000000000004,0.03899733333333333,0.04657266666666667,0.05529833333333333
velocityy,128,0.016107333333333335,0.018326333333333333,0.021866666666666663,0.028578000000000003,0.03331033333333334,0.03740966666666667,0.04708233333333334,0.05251
velocityy,256,0.017978666666666667,0.020670666666666667,0.023884,0.029066666666666668,0.034354666666666665,0.039926666666666666,0.047747000000000005,0.05347533333333334
velocityy,512,0.021087000000000005,0.023855666666666667,0.027674,0.03292866666666666,0.03677166666666667,0.04329833333333333,0.050720666666666664,0.05763666666666667
velocityy,1024,0.029319333333333336,0.03291566666666667,0.03533,0.040265666666666665,0.045616,0.050986000000000004,0.058696,0.06526466666666667
velocityz,1,0.12188733333333333,0.15852766666666665,0.19261366666666668,0.22065499999999996,0.25614200000000004,0.2961243333333334,0.33172666666666667,0.365412
velocityz,2,0.06985933333333333,0.08399766666666668,0.102812,0.12032,0.13949199999999998,0.16480633333333333,0.18253166666666665,0.201272
velocityz,3,0.06224366666666667,0.07506566666666666,0.09701633333333333,0.11435766666666668,0.13103666666666666,0.15152866666666667,0.163882,0.17326933333333336
velocityz,4,0.04545133333333334,0.054740333333333335,0.06872766666666667,0.08148166666666666,0.09536733333333335,0.111099,0.123286,0.13359200000000002
velocityz,5,0.041299666666666665,0.05033666666666667,0.06562566666666668,0.07722633333333333,0.087731,0.10068833333333334,0.10858633333333334,0.11528533333333334
velocityz,6,0.034296,0.04085866666666666,0.05282333333333333,0.062919,0.07234133333333333,0.08450133333333333,0.09307033333333332,0.099921
velocityz,7,0.030036999999999998,0.03799033333333334,0.049063,0.058020999999999996,0.06658166666666666,0.076901,0.08445666666666667,0.08936333333333335
velocityz,8,0.026869333333333332,0.032951,0.043218,0.05186266666666667,0.058911,0.06888033333333334,0.07679733333333334,0.08159266666666666
velocityz,9,0.024456999999999996,0.030506000000000002,0.040976000000000005,0.049409666666666664,0.05713466666666667,0.06356033333333334,0.073473,0.07810233333333333
velocityz,10,0.027444333333333334,0.027915333333333334,0.040536666666666665,0.04515333333333333,0.054201,0.06437866666666668,0.067324,0.076471
velocityz,11,0.024035,0.02716666666666667,0.036007333333333336,0.044500333333333336,0.050336,0.06091733333333333,0.06393,0.07389933333333333
velocityz,12,0.023057333333333332,0.025603333333333336,0.03234733333333333,0.044176,0.047412,0.05700233333333333,0.06556333333333333,0.07128666666666666
velocityz,13,0.019996333333333335,0.025368666666666668,0.032398333333333335,0.04457766666666666,0.04717666666666667,0.058055666666666665,0.06807133333333333,0.07501266666666666
velocityz,14,0.020688666666666664,0.026997666666666666,0.03415033333333333,0.038947666666666665,0.04693766666666666,0.060852666666666666,0.063573,0.07323766666666667
velocityz,15,0.020990333333333333,0.02634766666666667,0.035727,0.039371,0.04677699999999999,0.056925,0.06429433333333334,0.07341333333333334
velocityz,16,0.020257666666666667,0.025386999999999996,0.03401733333333334,0.039608,0.04758133333333333,0.05568833333333333,0.06023766666666667,0.06848066666666666
velocityz,17,0.020245,0.024322,0.03264466666666666,0.038488999999999995,0.04632,0.05401966666666667,0.05994533333333333,0.066438
velocityz,18,0.018917666666666666,0.023120333333333336,0.030633999999999998,0.038115,0.04400866666666667,0.051084333333333336,0.057564333333333335,0.06360533333333333
velocityz,19,0.018415333333333336,0.022704666666666668,0.029824666666666666,0.03740633333333333,0.04293666666666666,0.048363333333333335,0.05557,0.061779666666666656
velocityz,20,0.017566000000000002,0.020948333333333333,0.02870666666666667,0.03469833333333333,0.041335666666666666,0.049141,0.054817000000000005,0.059768666666666664
velocityz,21,0.016673666666666666,0.020767666666666667,0.028054,0.033536,0.039362666666666664,0.047414000000000005,0.053395,0.05849133333333333
velocityz,22,0.016458666666666667,0.019972666666666666,0.02963733333333333,0.032974,0.038655666666666665,0.045934,0.052373,0.056753
velocityz,23,0.015913666666666666,0.021241,0.026622999999999997,0.031504333333333336,0.03889633333333333,0.046530666666666665,0.05246066666666666,0.057508000000000004
velocityz,24,0.022873666666666667,0.024821333333333334,0.033596999999999995,0.03178633333333333,0.037532666666666666,0.04744600000000001,0.05244133333333333,0.06530133333333334
velocityz,32,0.015736,0.017994333333333334,0.024482000000000004,0.029300999999999997,0.03388433333333333,0.04298733333333333,0.048045,0.056349
velocityz,64,0.013924,0.017811666666666667,0.021992666666666664,0.027536666666666668,0.032384666666666666,0.03882633333333333,0.04584233333333334,0.05123066666666667
velocityz,128,0.014110666666666667,0.01718566666666667,0.02224066666666667,0.025902333333333333,0.03086533333333333,0.038064,0.04319833333333333,0.050202666666666666
velocityz,256,0.016121333333333335,0.019244999999999998,0.02336166666666667,0.027640666666666664,0.03182933333333333,0.038580333333333335,0.04452866666666667,0.052938000000000006
velocityz,512,0.019989333333333335,0.023170333333333334,0.026789999999999998,0.03083166666666667,0.03482633333333334,0.041928333333333324,0.048587,0.05495466666666667
velocityz,1024,0.028003,0.030848666666666667,0.03528066666666666,0.03984733333333334,0.043264,0.04970033333333334,0.05637233333333334,0.06318466666666667
viscocity,1,0.060134333333333324,0.07683633333333333,0.09271833333333335,0.109539,0.12991166666666668,0.14679333333333333,0.161498,0.18369
viscocity,2,0.03391066666666667,0.04474533333333333,0.054239,0.06556166666666667,0.07830966666666667,0.08843366666666667,0.09686766666666667,0.10963566666666667
viscocity,3,0.04330333333333333,0.05921066666666667,0.07448633333333333,0.08836733333333334,0.10832699999999999,0.11902800000000001,0.12945666666666666,0.13982933333333333
viscocity,4,0.028751333333333334,0.03868566666666667,0.04761233333333333,0.05759366666666666,0.071089,0.07911699999999999,0.08742766666666668,0.09720633333333334
viscocity,5,0.033238,0.04585333333333333,0.056401,0.066474,0.079913,0.08718333333333333,0.09411200000000002,0.09856466666666668
viscocity,6,0.025626,0.03521233333333333,0.044253999999999995,0.05341133333333333,0.06559066666666667,0.071343,0.077014,0.08266466666666666
viscocity,7,0.025751,0.034467,0.04278266666666667,0.05099566666666667,0.06170266666666666,0.06678233333333333,0.07120866666666667,0.07535366666666667
viscocity,8,0.022350666666666668,0.030803333333333332,0.03842466666666667,0.04604766666666666,0.056529,0.05964033333333333,0.06532433333333333,0.07328366666666666
viscocity,9,0.020856,0.029710666666666666,0.035376,0.04211666666666666,0.051117666666666665,0.05766566666666667,0.06257333333333333,0.06490933333333333
viscocity,10,0.018918666666666667,0.025864666666666664,0.03251266666666667,0.039377999999999996,0.046953333333333326,0.054157333333333335,0.05431233333333333,0.06301533333333333
viscocity,11,0.019171333333333332,0.023944000000000003,0.029503666666666668,0.03583733333333334,0.045715,0.047468333333333335,0.053142,0.056761
viscocity,12,0.016493999999999998,0.024302,0.027659666666666666,0.034869000000000004,0.04325166666666667,0.04742766666666667,0.050286,0.05654233333333333
viscocity,13,0.016421,0.021596,0.02860633333333333,0.03515466666666667,0.042795,0.04465366666666667,0.04748466666666667,0.05110666666666667
viscocity,14,0.01713366666666667,0.02210266666666667,0.024732666666666667,0.033138,0.04088233333333333,0.04350233333333333,0.048334999999999996,0.05634633333333333
viscocity,15,0.019600666666666666,0.02387866666666667,0.026226333333333334,0.031722,0.03750266666666666,0.042377,0.04638366666666666,0.052395
viscocity,16,0.018002,0.02376333333333333,0.028483666666666668,0.032435,0.03916,0.04377266666666666,0.046678666666666674,0.05252133333333333
viscocity,17,0.018230333333333335,0.02275433333333333,0.026751999999999998,0.03324766666666667,0.040012,0.04520466666666667,0.04952,0.05234866666666666
viscocity,18,0.016652666666666666,0.02151866666666667,0.026312666666666668,0.03140233333333333,0.03648233333333333,0.040523,0.045582333333333336,0.04953833333333333
viscocity,19,0.016334,0.020986666666666667,0.02527333333333333,0.03033733333333333,0.03450033333333333,0.040196,0.04385633333333333,0.04912866666666666
viscocity,20,0.015827333333333332,0.02009533333333333,0.02423233333333333,0.02965066666666667,0.03505166666666667,0.041464666666666664,0.044731,0.04606733333333333
viscocity,21,0.014821333333333334,0.019326666666666666,0.023418000000000005,0.027856333333333334,0.034965,0.03892866666666667,0.04052066666666667,0.04622266666666667
viscocity,22,0.014679333333333334,0.018851333333333335,0.023340333333333334,0.027899666666666666,0.032869666666666665,0.03891133333333333,0.04099066666666667,0.04515033333333333
viscocity,23,0.014470666666666666,0.020366,0.02312266666666667,0.027944999999999998,0.033981333333333336,0.03568933333333333,0.040887,0.04510266666666667
viscocity,24,0.014832333333333331,0.02342733333333333,0.023436,0.028590000000000004,0.032553,0.03610433333333333,0.040141666666666666,0.045482
viscocity,32,0.012026666666666666,0.013873666666666666,0.01817666666666667,0.019634666666666665,0.02568833333333333,0.028529333333333334,0.029841666666666666,0.03408766666666667
viscocity,64,0.009598666666666667,0.011748333333333333,0.014188666666666667,0.016557,0.019905333333333334,0.025630666666666666,0.026316000000000003,0.030131
viscocity,128,0.010118,0.01204,0.014020333333333334,0.016612333333333337,0.019785,0.021697333333333332,0.025355666666666665,0.03161833333333333
viscocity,256,0.011473999999999998,0.013453333333333333,0.015492333333333335,0.017478333333333332,0.020860666666666666,0.02385166666666667,0.02677033333333333,0.03308933333333333
viscocity,512,0.015856666666666668,0.018109666666666666,0.01919,0.021304,0.025346999999999998,0.02752466666666667,0.02970366666666667,0.03532
viscocity,1024,0.024559333333333332,0.02511266666666667,0.027022333333333332,0.028693999999999997,0.033591666666666666,0.035062666666666666,0.03779933333333334,0.04441933333333333
